id;spawned_business_id;user_id;role;content;tool_calls;tool_results;phase;extracted_insights;created_at
6f93236d-f341-4e15-9242-d58fed3c9fbd;394a50fe-426c-4ed5-a999-39a1b95396c8;b8c5a162-5141-422e-9924-dc0e8c333790;user;"I want to create a business called ""AgroBotics Uganda Advisory"". Description: An expert advisory firm specializing in applying robotics, AI, and automation to solve challenges in the Ugandan agriculture, renewable energy, and waste-to-value sectors. Founded by an engineer with credentials from MIT and Colorado School of Mines.. Industry: Agriculture Technology. Target market: Ugandan agricultural sector, including large-scale farms, cooperatives, NGOs, and government agencies.. Business model: Consulting and Advisory Services. Please proceed with research, generate the ERP structure, and create a professional website.";;;discovery;;2025-12-29 07:30:57.632119+00
a9916650-1f72-40e4-993a-755459612886;394a50fe-426c-4ed5-a999-39a1b95396c8;b8c5a162-5141-422e-9924-dc0e8c333790;assistant;"**Status Update: Research & Architecture Complete**

I have successfully updated your business profile, conducted the initial market analysis, and generated the core operational and digital architecture for **AgroBotics Uganda Advisory**.

Here is a summary of the work performed and the strategic insights behind it:

### 1. Market Research Insights (Uganda AgriTech)
My research indicates that while the Ugandan market is in an ""Early Growth"" phase for general AgriTech, the specific **Robotics & AI** segment is nascent but high-potential.
*   **Immediate Opportunities:** The market is currently receptive to **UAVs (Drones)** for precision spraying/mapping and **Digital Data Intelligence**. Heavy ground robotics are still experimental.
*   **Strategic Pivot:** Your ""Waste-to-Value"" and ""Renewable Energy"" pillars are critical. These sectors often have higher capital for automation (e.g., automated sorting for biogas plants) compared to traditional farming, providing early revenue stability.
*   **Target Audience:** Large commercial estates (Coffee/Tea) and Government/NGO-backed innovation pilots are your most viable paying clients initially.

### 2. ERP Structure Design
I designed your ERP to function as a ""Knowledge Engine"" rather than just a transaction track. Given your advisory model, the value is in the intellectual property and data.
*   **Core Department: Field Research & Agronomy:** Includes workflows for *Field Trials* and *Sensor Logistics*, allowing you to scientifically validate that a robot/AI solution works in Ugandan soil before full rollout.
*   **Grant Management Module:** Since NGOs and Government are key targets, I realized a specific workflow for managing grant compliance and reporting to maximize your win rate.
*   **Knowledge Base:** A repository to archive ""Best Practices"" and ""Regulatory Data,"" allowing you to scale your expertise without linearly scaling your time.

### 3. Website Generation
The website structure has been created with a ""High-Engineering"" professional aesthetic.
*   **Founder-Centric Positioning:** I placed the **MIT and Colorado School of Mines** credentials front-and-center. In the consulting world, this pedigree is your strongest initial asset for building trust.
*   **Sector Segmentation:** Distinct pages for Agriculture, Energy, and Waste-to-Value to allow you to market to different stakeholders without confusion.
*   **ROI Focus:** The copy emphasizes ""Return on Investment"" and ""Efficiency"" rather than just technology for technology's sake.

**Next Steps:**
We are now ready to move to the **Content Creation** phase. I can help you draft your first capabilities deck (Pitch Deck) or outline a ""White Paper"" on the state of robotics in Uganda to establish thought leadership.

How would you like to proceed?";"[{""function"":{""arguments"":""{\""needs_tags\"":[\""Government Connections\"",\""Agricultural Partnerships\"",\""NGO Grants\""],\""description\"":\""An expert advisory firm specializing in applying robotics, AI, and automation to solve challenges in the Ugandan agriculture, renewable energy, and waste-to-value sectors. Founded by an engineer with credentials from MIT and Colorado School of Mines.\"",\""products_services\"":[\""Agricultural Robotics Advisory\"",\""AI-driven Crop Analysis\"",\""Automation Feasibility Studies\"",\""Renewable Energy Systems Design\"",\""Waste-to-Value Process Optimization\""],\""mission_statement\"":\""To revolutionize Uganda's agricultural and energy sectors through the expert application of robotics, AI, and automation, driving efficiency and sustainability.\"",\""industry\"":\""Agriculture Technology\"",\""business_type\"":\""Consulting Firm\"",\""offers_tags\"":[\""Robotics Consulting\"",\""AI Implementation\"",\""Automation Strategy\"",\""Waste-to-Value Engineering\""],\""target_market\"":[\""Large-scale farms in Uganda\"",\""Agricultural Cooperatives\"",\""NGOs\"",\""Government Agencies\""],\""business_name\"":\""AgroBotics Uganda Advisory\""}"",""name"":""update_business_profile""},""id"":""tool_update_business_profile_e2Xak3jZdUKrlaEjHhvw"",""index"":0,""type"":""function""},{""function"":{""arguments"":""{\""focus\"":\""market_size\"",\""query\"":\""Uganda agritech market size robotics AI opportunities renewable energy waste-to-value\""}"",""name"":""web_research""},""id"":""tool_web_research_xYhX9ueSeV5BqybXMSeo"",""index"":1,""type"":""function""},{""function"":{""arguments"":""{\""size\"":\""small\"",\""business_type\"":\""Consulting Firm\"",\""industry\"":\""Agriculture Technology\"",\""focus_areas\"":[\""Client Projects\"",\""Knowledge Management\"",\""Field Research\"",\""Grant Management\"",\""Government Relations\""]}"",""name"":""generate_erp_structure""},""id"":""tool_generate_erp_structure_QrH3P57FCeOARty7w2vL"",""index"":2,""type"":""function""},{""function"":{""arguments"":""{\""business_name\"":\""AgroBotics Uganda Advisory\"",\""pages\"":[\""Home\"",\""Our Expertise\"",\""Founder's Profile\"",\""Services\"",\""Sectors (Agri/Energy/Waste)\"",\""Contact\""],\""style\"":\""professional\"",\""description\"":\""Expert advisory firm specializing in applying robotics, AI, and automation to solve challenges in the Ugandan agriculture, renewable energy, and waste-to-value sectors. Led by an MIT and Colorado School of Mines engineer.\"",\""industry\"":\""Agriculture Technology\""}"",""name"":""generate_website""},""id"":""tool_generate_website_u6FVgHGI9VA8Daogp9DO"",""index"":3,""type"":""function""},{""function"":{""arguments"":""{\""summary\"":\""Updated business profile, conducted initial market research on Uganda AgriTech, generated ERP structure for advisory operations, and created initial website structure.\"",\""next_phase\"":\""review\""}"",""name"":""advance_phase""},""id"":""tool_advance_phase_RZEtRiLKV2VJz0q5BDgG"",""index"":4,""type"":""function""}]";"[{""function_name"":""update_business_profile"",""result"":{""success"":true,""updated"":[""business_name"",""business_type"",""industry"",""description"",""mission_statement"",""products_services"",""target_market"",""offers_tags"",""needs_tags""]},""tool_call_id"":""tool_update_business_profile_e2Xak3jZdUKrlaEjHhvw""},{""function_name"":""web_research"",""result"":{""focus"":""market_size"",""query"":""Uganda agritech market size robotics AI opportunities renewable energy waste-to-value"",""research"":""**Market Research Report: Uganda Agritech Market (2024–2025 Outlook)**\n**Focus Segments:** Robotics/AI, Renewable Energy, Waste-to-Value\n**Analyst Note:** Market sizing in emerging markets often relies on Serviceable Available Market (SAM) estimations due to a lack of public disclosures from private startups. Data below combines macro-economic indicators, venture capital flows into East Africa, and sector-specific adoption rates.\n\n---\n\n### 1. Market Size & Macro Overview\n\nThe Ugandan Agritech market is currently in the **\""Early Growth\"" phase**. While Kenya remains the regional hub, Uganda is emerging as a critical testbed due to its high arable land percentage and massive dependence on agriculture.\n\n*   **Total Addressable Market (TAM - Agriculture Output):** Agriculture accounts for **~24% of GDP** (approx. **$11.8 Billion** contributions to economy) and employs **70%** of the population.\n*   **Serviceable Available Market (SAM - Agritech):** Estimated at **$120M – $150M USD**.\n    *   *methodology:* Calculated based on current spend on agricultural inputs, digital financial services in sector, and off-grid energy spend by smallholder farmers.\n*   **Serviceable Obtainable Market (SOM - Startups):** Estimated at **$15M – $20M USD** in annual realized revenue for tech-enabled ag-service providers.\n*   **Investment Trends:** In 2023, while African funding dipped, East Africa attracted the highest share (approx 30%). Uganda typically captures **5–8%** of East African venture funding, but Agritech is the #2 funded sector in the country after Fintech.\n\n#### Key Drivers of Market Size\n1.  **Mobile Penetration:** Smartphone adoption is growing (approx. 20-25%), but feature phone (USSD) reliance remains high.\n2.  **Population Pressure:** Uganda has one of the world's youngest populations; youth are rejecting traditional hoe-farming for tech-enabled agribusiness.\n\n---\n\n### 2. Segment Analysis: Robotics & AI\n\n**Current Market Status:** Nascent / Experimental.\n**Estimated Niche Size:** <$5M USD annually (mostly drone services).\n\nWhile \""Robotics\"" suggests autonomous tractors, in Uganda, this market is dominated by **UAVs (Unmanned Aerial Vehicles)** and **Data Intelligence**.\n\n*   **Robotics (Drones):**\n    *   **Primary Use Case:** Precision spraying (fertilizers/pesticides) and aerial mapping.\n    *   **Market Insight:** Hand-held spraying is labor-intensive and hazardous. Drones offer a 90% reduction in water usage and 30-"",""success"":true},""tool_call_id"":""tool_web_research_xYhX9ueSeV5BqybXMSeo""},{""function_name"":""generate_erp_structure"",""result"":{""erp_structure"":{""raw"":""{\n  \""organization_structure\"": {\n    \""business_meta\"": {\n      \""type\"": \""Consulting Firm\"",\n      \""industry\"": \""Agriculture Technology\"",\n      \""size\"": \""Small\"",\n      \""primary_objective\"": \""Deliver specialized agronomy and ag-tech advisory services while managing research grants and government policy advocacy.\""\n    },\n    \""departments\"": [\n      {\n        \""id\"": \""DEPT_EXEC\"",\n        \""name\"": \""Executive & Administration\"",\n        \""sub_folders\"": [\n          \""Strategic Planning\"",\n          \""Finance & Accounting\"",\n          \""Legal & Compliance\"",\n          \""Human Resources\""\n        ]\n      },\n      {\n        \""id\"": \""DEPT_CONSULT\"",\n        \""name\"": \""Consulting & Project Delivery\"",\n        \""sub_folders\"": [\n          \""Agri-Strategy Advisory\"",\n          \""Digital Transformation Impl\"",\n          \""Client Account Management\"",\n          \""Project Delivery Office\""\n        ]\n      },\n      {\n        \""id\"": \""DEPT_RESEARCH\"",\n        \""name\"": \""Field Research & Agronomy\"",\n        \""sub_folders\"": [\n          \""Field Trials & Data Collection\"",\n          \""IoT & Sensor Logistics\"",\n          \""Soil & Crop Analytics\"",\n          \""Scientific Reporting\""\n        ]\n      },\n      {\n        \""id\"": \""DEPT_GROWTH\"",\n        \""name\"": \""Business Development & Relations\"",\n        \""sub_folders\"": [\n          \""Grant Writing & Mgmt\"",\n          \""Government Affairs & Policy\"",\n          \""Sales & Proposals\"",\n          \""Marketing & Thought Leadership\""\n        ]\n      },\n      {\n        \""id\"": \""DEPT_KM\"",\n        \""name\"": \""Knowledge Management\"",\n        \""sub_folders\"": [\n          \""Regulatory Database\"",\n          \""Best Practices Repository\"",\n          \""Past Project Archives\"",\n          \""AgTech Vendor Directory\""\n        ]\n      }\n    ],\n    \""workflows\"": [\n      {\n        \""id\"": \""WF_001\"",\n        \""name\"": \""Client Project Lifecycle\"",\n        \""trigger\"": \""Signed Proposal\"",\n        \""steps\"": [\n          \""Project Setup in ERP\"",\n          \""Resource Allocation (Consultant + Researcher)\"",\n          \""Milestone Tracking\"",\n          \""Deliverable Review\"",\n          \""Invoicing\"",\n          \""Client Feedback Loop\""\n        ],\n        \""automation_level\"": \""High\""\n      },\n      {\n        \""id\"": \""WF_002\"",\n        \""name\"": \""Field Research Data Loop\"",\n        \""trigger\"": \""Field Visit Scheduled\"",\n        \""steps\"": [\n          \""Equipment Calibration\"",\n          \""Mobile Data Entry (Offline Capability)\"",\n          \""Sync to Cloud ERP\"",\n          \""Auto-QA/QC Check\"",\n          \""Aggregation into Analytics Dashboard\""\n        ],\n        \""automation_level\"": \""Medium\""\n      },\n      {\n        \""id\"": \""WF_003\"",\n        \""name\"": \""Grant Lifecycle Management\"",\n        \""trigger\"": \""Funding Opportunity Identified\"",\n        \""steps\"": [\n          \""Eligibility Check\"",\n          \""Proposal Drafting\"",\n          \""Budget Compliance Review\"",\n          \""Submission\"",\n          \""Award Setup\"",\n          \""Periodic Expense Reporting\""\n        ],\n        \""automation_level\"": \""Medium\""\n      },\n      {\n        \""id\"": \""WF_004\"",\n        \""name\"": \""Knowledge Capture\"",\n        \""trigger\"": \""Project Closure\"",\n        \""steps\"": [\n          \""Extract Key Findings\"",\n          \""Sanitize Client Data\"",\n          \""Tag Metadata (Crop, Region, Tech Stack)\"",\n          \""Index in Knowledge Base\""\n        ],\n        \""automation_level\"": \""Low\""\n      }\n    ],\n    \""integrations\"": {\n      \""crm_and_grants\"": {\n        \""tool\"": \""Salesforce or HubSpot\"",\n        \""purpose\"": \""Managing client relationships, government stakeholder maps, and grant pipelines.\"",\n        \""api_endpoints\"": [\""/contacts\"", \""/deals\"", \""/pipelines/grants\""]\n      },\n      \""project_management\"": {\n        \""tool\"": \""Monday.com or Asana\"",\n        \""purpose\"": \""Task management for consulting engagements and research timelines.\"",\n        \""api_endpoints\"": [\""/projects\"", \""/tasks\"", \""/timelines\""]\n      },\n      \""gis_and_ag_data\"": {\n        \""tool\"": \""ArcGIS or QGIS\"",\n        \""purpose\"": \""Mapping field trials and analyzing spatial data.\"",\n        \""data_exchange\"": \""GeoJSON/Shapefiles\""\n      },\n      \""accounting\"": {\n        \""tool\"": \""Xero or QuickBooks Online\"",\n        \""purpose\"": \""Invoicing, expense tracking, and grant fund segregation.\"",\n        \""api_endpoints\"": [\""/invoices\"", \""/expenses\"", \""/reports\""]\n      },\n      \""file_storage\"": {\n        \""tool\"": \""SharePoint or Google Workspace\"",\n        \""purpose\"": \""Document repository for contracts, research papers, and policy docs.\""\n      }\n    },\n    \""data_schemas\"": [\n      {\n        \""schema_name\"": \""Project_Engagement\"",\n        \""fields\"": {\n          \""project_id\"": \""UUID\"",\n          \""client_id\"": \""UUID\"",\n          \""engagement_type\"": \""Enum(Advisory, Field_Trial, Gov_Relations)\"",\n          \""billing_method\"": \""Enum(Fixed_Price, Time_Materials, Grant_Funded)\"",\n          \""budget_cap\"": \""Decimal\"",\n          \""start_date\"": \""Date\"",\n          \""status\"": \""String\""\n        }\n      },\n      {\n        \""schema_name\"": \""Field_Trial_Record\"",\n        \""fields\"": {\n          \""trial_id\"": \""UUID\"",\n          \""project_ref\"": \""UUID\"",\n          \""location_coordinates\"": \""GeoJSON\"",\n          \""crop_variety\"": \""String\"",\n          \""soil_type\"": \""String\"",\n          \""treatment_variables\"": \""JSON_Array\"",\n          \""observation_date\"": \""DateTime\"",\n          \""collected_by\"": \""User_ID\""\n        }\n      },\n      {\n        \""schema_name\"": \""Grant_Record\"",\n        \""fields\"": {\n          \""grant_id\"": \""UUID\"",\n          \""funder_name\"": \""String\"",\n          \""cfda_number\"": \""String (if Federal)\"",\n          \""total_awarded\"": \""Decimal\"",\n          \""remaining_balance\"": \""Decimal\"",\n          \""reporting_deadline\"": \""Date\"",\n          \""compliance_requirements\"": \""Text_Blob\""\n        }\n      },\n      {\n        \""schema_name\"": \""Gov_Stakeholder\"",\n        \""fields\"": {\n          \""stakeholder_id\"": \""UUID\"",\n          \""name\"": \""String\"",\n          \""entity\"": \""String (Ministry/Dept)\"",\n          \""influence_level\"": \""Integer (1-5)\"",\n          \""policy_interest\"": \""Array[String]\"",\n          \""last_interaction\"": \""Date\""\n        }\n      }\n    ],\n    \""compliance_docs\"": [\n      {\n        \""doc_name\"": \""Data Privacy & Farm Data Ownership Policy\"",\n        \""necessity\"": \""Critical for AgTech clients to define who owns yield/field data.\"",\n        \""regulation_ref\"": \""GDPR / ATP (Ag Data Transparency Evaluator)\""\n      },\n      {\n        \""doc_name\"": \""Grant Single Audit Compliance\"",\n        \""necessity\"": \""Required for proper separation of grant funds vs operating revenue.\"",\n        \""regulation_ref\"": \""Uniform Guidance (2 CFR 200)\""\n      },\n      {\n        \""doc_name\"": \""Health & Safety Field Manual\"",\n        \""necessity\"": \""Liability protection for staff working in fields/operating machinery.\"",\n        \""regulation_ref\"": \""OSHA\""\n      },\n      {\n        \""doc_name\"": \""Conflict of Interest Declaration\"",\n        \""necessity\"": \""Required when managing government relations and private clients simultaneously.\""\n      }\n    ],\n    \""kpis\"": [\n      {\n        \""metric\"": \""Billable Utilization Rate\"",\n        \""target\"": \""75%\"",\n        \""description\"": \""Percentage of consultant time spent on revenue-generating client work.\""\n      },\n      {\n        \""metric\"": \""Grant Win Rate\"",\n        \""target\"": \""30%\"",\n        \""description\"": \""Percentage of grant proposals submitted that result in funding.\""\n      },\n      {\n        \""metric\"": \""Knowledge Reuse Index\"",\n        \""target\"": \"">40%\"",\n        \""description\"": \""Percentage of new projects utilizing archived assets/templates (efficiency metric).\""\n      },\n      {\n        \""metric\"": \""Field Data Integrity Score""},""success"":true},""tool_call_id"":""tool_generate_erp_structure_QrH3P57FCeOARty7w2vL""},{""function_name"":""generate_website"",""result"":{""success"":true,""website_data"":{""about"":{""mission"":""To revolutionize Uganda's primary sectors by integrating advanced robotics, artificial intelligence, and automated systems, ensuring sustainable growth and operational efficiency."",""story"":""AgroBotics Uganda Advisory was established to address the technological deficit in East African agriculture and industry. Founded by a dual-degree engineer from the Massachusetts Institute of Technology (MIT) and the Colorado School of Mines, our firm combines elite technical training with deep local context."",""values"":[{""description"":""Applying rigorous engineering standards to solve complex biological and industrial problems."",""title"":""Precision""},{""description"":""Designing automated solutions that respect the environment and promote circular economies."",""title"":""Sustainability""},{""description"":""Adapting cutting-edge global technology to thrive in the Ugandan Ugandan infrastructure and climate."",""title"":""Localization""}]},""contact"":{""form_fields"":[""Full Name"",""Company/Organization"",""Email Address"",""Sector of Interest (Agri/Energy/Waste)"",""Project Details""],""info"":{""address"":""Kampala Industrial Park, Kampala, Uganda"",""email"":""info@agrobotics-uganda.com"",""phone"":""+256 700 000 000""}},""features"":[{""description"":""Strategies developed using methodologies from the world's top engineering institutions."",""title"":""MIT & CSM Pedigree""},{""description"":""Unique expertise connecting agriculture output with energy generation and waste management."",""title"":""Cross-Sector Synergy""},{""description"":""We do not automate for the sake of technology; we automate to improve your bottom line."",""title"":""ROI-Focused Automation""}],""founder_profile"":{""bio"":""Our Principal Consultant is a distinguished engineer holding advanced degrees from the Massachusetts Institute of Technology (MIT) and the Colorado School of Mines. With a background spanning mechanical engineering, automated systems design, and agricultural resource management, they bring a unique multidisciplinary approach to solving Uganda's industrial challenges."",""credentials"":[""Alumnus, Massachusetts Institute of Technology (MIT)"",""Alumnus, Colorado School of Mines"",""Expertise in Mechatronics & AI Systems"",""Specialist in Tropical Agricultural Automation""],""headline"":""World-Class Engineering, Locally Applied"",""title"":""Leadership""},""hero"":{""cta"":{""link"":""/contact"",""text"":""Consult Our Experts""},""headline"":""Engineering the Future of Agriculture & Energy in Uganda"",""subheadline"":""Strategic advisory specializing in Robotics, AI, and Automation. Bridging the gap between global engineering standards and local industrial challenges.""},""pages"":[{""name"":""Home"",""sections"":[""hero"",""features"",""sectors"",""testimonials""],""slug"":""/""},{""name"":""Our Expertise"",""sections"":[""about"",""features""],""slug"":""/expertise""},{""name"":""Founder's Profile"",""sections"":[""founder_profile""],""slug"":""/founder""},{""name"":""Services"",""sections"":[""services""],""slug"":""/services""},{""name"":""Sectors"",""sections"":[""sectors""],""slug"":""/sectors""},{""name"":""Contact"",""sections"":[""contact""],""slug"":""/contact""}],""sectors"":[{""description"":""Precision farming solutions utilizing drones, autonomous tractors, and AI-driven crop monitoring to increase yields and reduce labor costs."",""id"":""agriculture"",""name"":""Agriculture Technology""},{""description"":""Automated maintenance for solar arrays and smart control systems for decentralized power grids across Uganda."",""id"":""energy"",""name"":""Renewable Energy""},{""description"":""Robotic sorting systems and process automation for converting agricultural and municipal waste into biofuel and organic fertilizer."",""id"":""waste"",""name"":""Waste-to-Value""}],""seo"":{""description"":""Premier consultancy for robotics, AI, and automation in Uganda's agriculture, energy, and waste sectors. Led by MIT and Colorado School of Mines engineers."",""keywords"":[""AgriTech Uganda"",""Robotics Advisory East Africa"",""Agricultural Automation"",""Waste to Value Uganda"",""Renewable Energy AI"",""Engineering Consultancy Kampala"",""MIT Alumni Uganda""],""title"":""AgroBotics Uganda | AI & Robotics Advisory for Agriculture""},""services"":[{""description"":""Detailed analysis of site-specific conditions to determine the viability of implementing robotics and AI systems for farms and energy plants."",""title"":""Technological Feasibility Studies""},{""description"":""Custom engineering of automated workflows, from harvest bot deployment to smart-grid energy distribution monitoring."",""title"":""Automation Systems Design""},{""description"":""Guiding the sourcing of high-tech equipment and overseeing the installation and integration of complex robotic systems."",""title"":""Procurement & Implementation Advisory""},{""description"":""Leveraging machine learning to analyze yield data, energy consumption, and waste processing efficiency to maximize ROI."",""title"":""Data Analytics & AI Optimization""}],""testimonials"":[{""author"":""James M., Commercial Coffee Exporter"",""location"":""Mbale, Uganda"",""quote"":""AgroBotics brought a level of engineering rigor to our coffee processing plant that we didn't think was available locally. The automated sorting system paid for itself in 18 months.""},{""author"":""Sarah K., Agribusiness Director"",""location"":""Central Region"",""quote"":""Their knowledge of waste-to-energy systems is unmatched. They helped us design a semi-automated biogas facility that powers our entire operation.""}]}},""tool_call_id"":""tool_generate_website_u6FVgHGI9VA8Daogp9DO""},{""function_name"":""advance_phase"",""result"":{""new_phase"":""review"",""progress"":95,""success"":true},""tool_call_id"":""tool_advance_phase_RZEtRiLKV2VJz0q5BDgG""}]";discovery;"{""erp"":{""business_type"":""Consulting Firm"",""focus_areas"":[""Client Projects"",""Knowledge Management"",""Field Research"",""Grant Management"",""Government Relations""],""industry"":""Agriculture Technology"",""size"":""small""},""phase_change"":{""next_phase"":""review"",""summary"":""Updated business profile, conducted initial market research on Uganda AgriTech, generated ERP structure for advisory operations, and created initial website structure.""},""profile_update"":{""business_name"":""AgroBotics Uganda Advisory"",""business_type"":""Consulting Firm"",""description"":""An expert advisory firm specializing in applying robotics, AI, and automation to solve challenges in the Ugandan agriculture, renewable energy, and waste-to-value sectors. Founded by an engineer with credentials from MIT and Colorado School of Mines."",""industry"":""Agriculture Technology"",""mission_statement"":""To revolutionize Uganda's agricultural and energy sectors through the expert application of robotics, AI, and automation, driving efficiency and sustainability."",""needs_tags"":[""Government Connections"",""Agricultural Partnerships"",""NGO Grants""],""offers_tags"":[""Robotics Consulting"",""AI Implementation"",""Automation Strategy"",""Waste-to-Value Engineering""],""products_services"":[""Agricultural Robotics Advisory"",""AI-driven Crop Analysis"",""Automation Feasibility Studies"",""Renewable Energy Systems Design"",""Waste-to-Value Process Optimization""],""target_market"":[""Large-scale farms in Uganda"",""Agricultural Cooperatives"",""NGOs"",""Government Agencies""]},""research"":{""focus"":""market_size"",""query"":""Uganda agritech market size robotics AI opportunities renewable energy waste-to-value""},""website"":{""business_name"":""AgroBotics Uganda Advisory"",""description"":""Expert advisory firm specializing in applying robotics, AI, and automation to solve challenges in the Ugandan agriculture, renewable energy, and waste-to-value sectors. Led by an MIT and Colorado School of Mines engineer."",""industry"":""Agriculture Technology"",""pages"":[""Home"",""Our Expertise"",""Founder's Profile"",""Services"",""Sectors (Agri/Energy/Waste)"",""Contact""],""style"":""professional""}}";2025-12-29 07:32:51.311839+00
901825ea-fae4-48bf-a31f-0ed3408411cb;edc131fd-4fce-4ad3-af9b-ac157bf24b31;58704a4c-3ac5-41f4-aad4-2a89e468ab6a;user;"I want to create a business called ""Apex Roofing Solutions"". Description: A professional roofing installation and repair company.. Industry: Construction. Target market: Homeowners and commercial property managers. Business model: Services. Please proceed with research, generate the ERP structure, and create a professional website.";;;discovery;;2026-01-03 20:12:45.52896+00
a093dbfc-31d7-4f52-9423-6c06c2b9d1b2;edc131fd-4fce-4ad3-af9b-ac157bf24b31;58704a4c-3ac5-41f4-aad4-2a89e468ab6a;assistant;;"[{""function"":{""arguments"":""{\""target_market\"":[\""Homeowners\"",\""Commercial Property Managers\"",\""Real Estate Agents\""],\""needs_tags\"":[\""equipment financing\"",\""skilled labor\"",\""lead generation\"",\""insurance\""],\""business_name\"":\""Apex Roofing Solutions\"",\""offers_tags\"":[\""roof installation\"",\""roof repair\"",\""gutter installation\"",\""roof inspection\""],\""description\"":\""A professional roofing installation and repair company specializing in residential and commercial roofing systems.\"",\""mission_statement\"":\""To provide top-tier roofing solutions with uncompromised quality and reliability for homeowners and businesses.\"",\""business_type\"":\""Services\"",\""products_services\"":[\""Residential Roof Replacement\"",\""Commercial Flat Roofing\"",\""Emergency Leak Repair\"",\""Roof Maintenance Plans\"",\""Gutter Services\""],\""industry\"":\""Construction\""}"",""name"":""update_business_profile""},""id"":""tool_update_business_profile_uCPSvP68l9u6anXNk5HP"",""index"":0,""type"":""function""},{""function"":{""arguments"":""{\""query\"":\""roofing industry market trends and size 2024 residential commercial\"",\""focus\"":\""market_size\""}"",""name"":""web_research""},""id"":""tool_web_research_WjPPpB60uc0dRMZojTGj"",""index"":1,""type"":""function""},{""function"":{""arguments"":""{\""focus\"":\""competitors\"",\""query\"":\""successful roofing company website features and business models\""}"",""name"":""web_research""},""id"":""tool_web_research_YcOBo9esKBU2nAn5EHuS"",""index"":2,""type"":""function""},{""function"":{""arguments"":""{\""query\"":\""roofing business operational workflow and ERP requirements\"",\""focus\"":\""best_practices\""}"",""name"":""web_research""},""id"":""tool_web_research_OTkVhgnsbMvD7Qy0Le8k"",""index"":3,""type"":""function""}]";"[{""function_name"":""update_business_profile"",""result"":{""success"":true,""updated"":[""business_name"",""business_type"",""industry"",""description"",""mission_statement"",""products_services"",""target_market"",""offers_tags"",""needs_tags""]},""tool_call_id"":""tool_update_business_profile_uCPSvP68l9u6anXNk5HP""},{""function_name"":""web_research"",""result"":{""focus"":""market_size"",""query"":""roofing industry market trends and size 2024 residential commercial"",""research"":""**Market Research Report: Roofing Industry 2024**\n**Focus:** Commercial & Residential Market Size and Trends\n\n### **1. Executive Summary**\nThe roofing industry in 2024 is defined by a \""Replacement-Driven\"" economy. While new construction starts have softened due to interest rate environments, the market size is expanding due to the aging housing stock, increased severity of weather events, and inflationary pressure on material costs. The market is witnessing a distinct pivot toward energy-efficient materials (Cool Roofs) and integrated solar technology.\n\n---\n\n### **2. Market Size & Growth Forecasts (2024)**\n\n#### **Global Context**\n*   **Global Market Size (2023 Actual):** $\\approx \\$125.8$ Billion USD\n*   **Projected Market Size (2024):** $\\approx \\$131.2$ Billion USD\n*   **CAGR (2024–2030):** $4.3\\% - 5.1\\%$\n*   **Key Insight:** Asia-Pacific leads in volume (rapid urbanization), but North America leads in value per square foot due to material costs and labor rates.\n\n#### **United States Market Focus (The Primary High-Value Market)**\n*   **US Market Size (2024 Estimate):** $\\approx \\$56.5$ Billion USD\n*   **Residential Share:** $\\approx 65\\%$ of total value.\n*   **Commercial Share:** $\\approx 35\\%$ of total value.\n*   **Volume:** The US demand for roofing is forecast to reach $295$ million squares ($1$ square $= 100$ sq. ft.) by year-end 2024.\n\n**The \""Re-Roofing\"" Dominance:**\n*   **82%** of demand in North America is generated by re-roofing/replacement applications.\n*   **18%** comes from new construction.\n*   *Actionable Note:* Marketing budgets should target existing homeowners and property managers rather than new developers in 2024.\n\n---\n\n### **3. Segment Analysis: Residential vs. Commercial**\n\n#### **Residential Roofing Trends**\n*   **Dominant Material:** **Asphalt Shingles** continue to control approximately **75% of the steep-slope market** in the US due to affordability.\n*   **High-Growth Segment:** **Metal Roofing** is the fastest-growing residential segment (projected $6\\%$ growth in 2024). Homeowners are increasingly choosing metal for longevity (50+ years) and fire resistance, despite the higher upfront cost.\n*   **Emerging Niche:** **Building-Integrated Photovoltaics (BIPV).** Solar shingles (e.g., GAF Energy's Timberline Solar) are moving from prototype to mass market.\n\n#### **Commercial Roofing Trends**\n*   **Dominant Material:** **Single-Ply Membranes** (TPO, EPDM, PVC). TPO (Thermoplastic Polyolefin) is currently the market leader for flat roofs due to its reflective properties and cost-effectiveness.\n*   **Regulatory Driver:** Stricter energy codes (e.g., California Title 24, NYC Local Laws) are forcing commercial owners to install \""Cool Roofs\"" (high solar reflectance) or Green Roofs (vegetative).\n*   **Liquid Applied Roofing:** Growing traction for maintenance and restoration ($8\\%$ CAGR), allowing owners to extend roof life without a full tear-off.\n\n---\n\n### **4. Competitive Landscape**\n\nThe industry is highly consolidated at the manufacturing level but fragmented at the contractor level.\n\n#### **Key Manufacturing Leaders (North America & Global)**\n1.  **GAF (Standard Industries):** The largest roofing manufacturer in North America.\n    *   *Strategy:* Aggressive push into solar roofing (GAF Energy).\n2.  **Owens Corning:** Known for the \""Pink Panther\"" brand.\n    *   *Strategy:* Heavy focus on total roofing systems (components + shingles) and contractor certification programs.\n3.  **CertainTeed (Saint-Gobain):** High-end asphalt and substantial siding crossover.\n4.  **Carlisle Companies"",""success"":true},""tool_call_id"":""tool_web_research_WjPPpB60uc0dRMZojTGj""},{""function_name"":""web_research"",""result"":{""focus"":""competitors"",""query"":""successful roofing company website features and business models"",""research"":""**Market Research Report: Roofing Industry Digital Presence & Business Models**\n\n**Date:** October 26, 2023\n**Focus:** Competitor Analysis & Website Features\n**Prepared by:** Market Research Analyst\n\n---\n\n### 1. Market Overview & Opportunity\n\nThe U.S. roofing industry remains highly fragmented but is maturing rapidly through private equity consolidation and digital transformation.\n*   **Market Size:** Valued at approximately **$56.8 Billion** (2023 estimate) with a projected CAGR of 3.8% through 2030.\n*   **Key Trend:** The \""Amazon-ification\"" of home services. Homeowners now expect the same transparency, speed, and digital ease in buying a roof as they do ordering a package. The days of \""call for a quote and wait 3 days\"" are ending.\n\n---\n\n### 2. Competitor Analysis\n\nTo understand successful models, we must look at the three tiers of market leaders: **The National Giants**, **The Regional Aggressors**, and **The Digital Disruptors**.\n\n#### A. The National Giants (Commercial/Mixed)\n*   **Competitors:** Tecta America, CentiMark.\n*   **Business Model:** high-volume, low-margin (initially), focused heavily on **Roof Asset Management (RAM)** programs. They sell \""peace of mind\"" rather than just a roof.\n*   **Website Strengths:**\n    *   **Client Portals:** Tecta America uses a proprietary portal that allows facility managers to log in, see roof conditions, request service, and view invoices.\n    *   **Content Authority:** Huge libraries of whitepapers regarding safety compliance and energy efficiency.\n\n#### B. The Residential Powerhouses\n*   **Competitors:** Power Home Remodeling, Erie Home, Baker Roofing Company.\n*   **Business Model:** High-touch, customer-centric sales. Power Home Remodeling (revenue over $1B) focuses on culture and creating a \""hospitality\"" experience in construction.\n*   **Website Strengths:**\n    *   **Storytelling:** They don't just show shingles; they show families. High-production video is central.\n    *   **Community Impact:** Heavy emphasis on \""Veterans initiatives\"" or \""Green initiatives\"" to build distinct brand affinity.\n\n#### C. The Digital Disruptors (Tech-Enabled)\n*   **Competitors:** Local contractors utilizing **Roofle** or **Roofr** technology.\n*   **Business Model:** Speed-to-lead. These companies remove the friction of the in-home visit for the initial estimate.\n*   **Website Strengths:**\n    *   **Instant Estimates:** Satellite measurement tools embedded on the homepage to give a +/- 10% quote in under 30 seconds.\n\n---\n\n### 3. Critical Website Features: The \""Winning\"" Tech Stack\n\nBased on an analysis of the top 50 roofing websites, the following features correlate directly with higher conversion rates (CR).\n\n#### 1. Instant/Algorithmic Pricing (The \""Carfax\"" Model)\n*   **The Data:** 70% of homeowners prefer a digital price estimate before speaking to a human.\n*   **Execution:** Competitors are using tools like **SumoQuote** or **Roofle** embedded directly on the landing page.\n*   **Why it works:** It captures the high-intent user who is shopping at 10 PM.\n*   **Action:** Implement an \""Instant Budget Check\"" tool. Do not gate it behind a phone call; gate it behind an email capture only.\n\n#### 2. Visualizers (Augmented Reality)\n*   **The Competitors:** Owens Corning and GAF provide white-label tools to contractors.\n*   **Feature:** Users upload a photo of their home and digitally swap shingle colors/styles.\n*   **Impact:** Increases \""time on site\"" (a key SEO metric) by nearly 200%.\n\n#### 3. \""Good, Better, Best\"" Transparency\n*   **The Trend:** Instead of one quote, successful competitors display a tiered pricing table on their site (or in digital proposals).\n*   **"",""success"":true},""tool_call_id"":""tool_web_research_YcOBo9esKBU2nAn5EHuS""},{""function_name"":""web_research"",""result"":{""focus"":""best_practices"",""query"":""roofing business operational workflow and ERP requirements"",""research"":""**To:** Operational Stakeholders / Investment Committee\n**From:** Senior Lead Analyst\n**Date:** May 23, 2024\n**Subject:** Market Research: Roofing Operational Workflows & ERP Best Practices\n\n---\n\n### 1. Executive Summary\nThe U.S. Roofing Contractors market, valued at approximately **$58.2 billion in 2023**, is undergoing a rapid digital transformation. Historically characterized by low-tech, pen-and-paper operations, the industry is shifting toward integrated ERP solutions due to labor shortages, material price volatility, and the increasing complexity of insurance claims.\n\n**Key Finding:** Roofing companies that implement specific \""vertical-stack\"" ERPs (software designed specifically for roofing rather than general construction) see an average **20-30% reduction in administrative overhead** and a **15% increase in lead conversion rates** due to speed-to-estimate capabilities.\n\n---\n\n### 2. Operational Workflow: Best Practices\nThe operational workflow in roofing differs from general construction due to the high volume of short-duration jobs (residential) and the complexities of insurance supplements.\n\n#### Phase 1: Lead Management & Estimation (The Speed Phase)\n*   **Best Practice:** *The \""One-Visit Close\"" or \""Remote Estimate.\""*\n*   **Workflow:**\n    1.  Lead intake triggers automated SMS response (speed-to-lead < 5 mins).\n    2.  **Aerial Measurement:** Instead of climbing the roof immediately, sales reps use **EagleView**, **Hover**, or **Roofr** to pull satellite measurements.\n    3.  **Proposal Generation:** Data maps directly into a template.\n*   **Metric:** The first contractor to provide a quote wins the job **35-50%** of the time.\n*   **Gap:** 40% of roofers still measure by hand, adding 1-2 hours of labor per lead.\n\n#### Phase 2: Production & Supply Chain (The Logistics Phase)\n*   **Best Practice:** *Just-in-Time Delivery & Digital Ordering.*\n*   **Workflow:**\n    1.  Convert accepted proposal to Work Order.\n    2.  **Direct Integration:** ERP automatically pushes material lists to suppliers (e.g., **ABC Supply**, **Beacon**, **SRS Distribution**).\n    3.  Delivery is scheduled 24 hours prior to crew arrival to minimize theft or driveway damage.\n*   **Waste Reduction:** Accurate satellite measurements reduce material waste (overage) from the industry standard of **10-15% down to <5%**.\n\n#### Phase 3: Field Execution (The Mobile Phase)\n*   **Best Practice:** *Mandatory Visual Documentation.*\n*   **Workflow:**\n    1.  Crews verify safety checklist via mobile app.\n    2.  **Photo Ingestion:** Crews take photos of pre-existing dry rot or damage to justify \""Supplements\"" (additional charges to insurance).\n    3.  ERP updates customer via SMS (\""Crew has arrived,\"" \""Shingles removed,\"" \""Job complete\"").\n*   **Tool:** **CompanyCam** is the market leader here, often integrated into the main ERP.\n\n#### Phase 4: Financials & Supplementing (The Profit Phase)\n*   **Best Practice:** *Job Costing Implementation.*\n*   **Workflow:**\n    1.  Labor burden and material costs are synced daily.\n    2.  **Insurance Supplements:** If insurance scope was missed, Xactimate estimates are generated immediately based on field photos.\n    3.  Final invoice sent only after \""Certificate of Completion\"" is signed digitally.\n\n---\n\n### 3. Roofing ERP Requirements Matrix\nGeneral construction ERPs (like Procore) are often \""overkill\"" and too expensive for residential roofers. The market demands \""Roofing Specific\"" features.\n\n| Feature Domain | Critical Requirement | Why it Matters |\n| :--- | :--- | :--- |\n| **Integration** | **Two-way Sync with QuickBooks/Xero** | Prevents double entry. Roofing is high volume; manual entry kills margins. |\n| **Measurement** | **Aerial Imagery API (Hover/EagleView)** | Auto-populates square/linear footage into estimates. Removes human math errors. |\n| **Production** | **Kanban Boards / Gantt Charts** | Visualizes the pipeline. Moves jobs from \""Ordered\"" to \""Scheduled\"" to \""Invoiced.\"" |\n| **Suppliers** | **Catalog Integration"",""success"":true},""tool_call_id"":""tool_web_research_OTkVhgnsbMvD7Qy0Le8k""}]";discovery;"{""profile_update"":{""business_name"":""Apex Roofing Solutions"",""business_type"":""Services"",""description"":""A professional roofing installation and repair company specializing in residential and commercial roofing systems."",""industry"":""Construction"",""mission_statement"":""To provide top-tier roofing solutions with uncompromised quality and reliability for homeowners and businesses."",""needs_tags"":[""equipment financing"",""skilled labor"",""lead generation"",""insurance""],""offers_tags"":[""roof installation"",""roof repair"",""gutter installation"",""roof inspection""],""products_services"":[""Residential Roof Replacement"",""Commercial Flat Roofing"",""Emergency Leak Repair"",""Roof Maintenance Plans"",""Gutter Services""],""target_market"":[""Homeowners"",""Commercial Property Managers"",""Real Estate Agents""]},""research"":{""focus"":""best_practices"",""query"":""roofing business operational workflow and ERP requirements""}}";2026-01-03 20:14:11.636504+00