id;agent_id;agent_slug;external_platform;activity_type;activity_data;target_contact_id;target_company_id;target_deal_id;outcome_type;outcome_value;attributed_to_user_id;deal_room_id;synced_to_hubspot;hubspot_sync_id;created_at;hubspot_sync_error
4ef4a3aa-08bb-4aad-bc93-113bf46063f8;;signal_scout;lindy_ai;trigger_detected;"{""company_name"":""Gables Residential"",""confidence"":80,""contact_email"":""lstokes@gables.com"",""priority"":""high"",""signal_title"":""Joint Venture for 243-Unit Colorado Development"",""talking_point"":""Recently announced JV partnership with Milehouse""}";;;;trigger_detected;0;;a1b2c3d4-e5f6-7890-abcd-ef1234567890;false;;2026-01-30 19:46:00.183704+00;
67f23456-8417-4d8e-8f97-92a4ed7373e4;;signal_scout;lindy_ai;trigger_detected;"{""company_domain"":""gables.com"",""company_name"":""Gables Residential"",""confidence"":80,""priority"":""high"",""signal_title"":""Joint Venture for 243-Unit Colorado Development"",""source_url"":""https://www.globenewswire.com/example"",""talking_point"":""Congratulations on the Gables Angeline project!""}";;;;trigger_detected;0;;a1b2c3d4-e5f6-7890-abcd-ef1234567890;false;;2026-02-02 13:37:50.080504+00;
79087f19-4867-47f1-8fed-70fcc50a0cd6;;696fa8e2ed02291008fa9d34;lindy_ai;trigger_detected;"{""company_domain"":""gables.com"",""company_name"":""Gables Residential"",""confidence"":80,""priority"":""high"",""signal_title"":""Joint Venture for 243-Unit Colorado Development"",""source_url"":""https://www.globenewswire.com/example"",""talking_point"":""Congratulations on the Gables Angeline project!""}";;;;trigger_detected;0;;a1b2c3d4-e5f6-7890-abcd-ef1234567890;false;;2026-02-02 13:43:27.288728+00;
c2da6b5b-f8f1-46a5-8a30-86a9b33cd23c;;signal_scout;lindy_ai;trigger_detected;"{""company_domain"":""gables.com"",""company_name"":""Gables Residential"",""confidence"":80,""priority"":""high"",""signal_title"":""Joint Venture for 243-Unit Colorado Development"",""source_url"":""https://www.globenewswire.com/example"",""talking_point"":""Congratulations on the Gables Angeline project!""}";;;;trigger_detected;0;;a1b2c3d4-e5f6-7890-abcd-ef1234567890;false;;2026-02-02 19:09:56.601774+00;
ce97cd60-170b-4e85-aec8-b7ea68f1cc5e;;signal_scout;lindy_ai;trigger_detected;"{""company_name"":""Test Company"",""signal_title"":""New permit filed""}";;;;trigger_detected;0;;a1b2c3d4-e5f6-7890-abcd-ef1234567890;false;;2026-02-02 19:54:56.456039+00;
e0cfb79f-2ac7-45ed-920c-0b1714eab328;;signal_scout;lindy_ai;trigger_detected;"{""company_name"":""Test Verification Company"",""signal_title"":""Testing fix deployment""}";;;;trigger_detected;0;;a1b2c3d4-e5f6-7890-abcd-ef1234567890;false;;2026-02-02 19:58:13.140991+00;
2bee356d-9e27-4d59-8849-ae31b666d4a6;;signal_scout;lindy_ai;trigger_detected;"{""company_name"":""Verification Test Corp"",""confidence"":85,""signal_title"":""New commercial permit filed - Downtown Project"",""signal_type"":""permit_filing""}";;;;trigger_detected;0;;a1b2c3d4-e5f6-7890-abcd-ef1234567890;false;;2026-02-02 20:02:33.616609+00;
270145e5-d6e4-4c99-975b-dbfe0f7a5720;;signal_scout;lindy_ai;trigger_detected;"{""company_domain"":""gables.com"",""company_name"":""Gables Residential"",""confidence"":80,""priority"":""high"",""signal_title"":""Joint Venture for 243-Unit Colorado Development"",""source_url"":""https://www.globenewswire.com/example"",""talking_point"":""Congratulations on the Gables Angeline project!""}";;;;trigger_detected;0;;a1b2c3d4-e5f6-7890-abcd-ef1234567890;false;;2026-02-02 20:47:43.429977+00;
9665621f-b1da-4dc1-b775-dd418238f8ad;;signal_scout;lindy_ai;trigger_detected;"{""company_domain"":""gables.com"",""company_name"":""Gables Residential"",""confidence"":80,""priority"":""high"",""signal_title"":""Joint Venture for 243-Unit Colorado Development"",""source_url"":""https://www.globenewswire.com/example"",""talking_point"":""Congratulations on the Gables Angeline project!""}";;;;trigger_detected;0;;a1b2c3d4-e5f6-7890-abcd-ef1234567890;false;;2026-02-02 21:00:59.717671+00;
7cc4c52e-222a-4d6a-9ce7-2659ab60fa9c;;signal_scout;lindy_ai;trigger_detected;"{""company_domain"":""lennar.com"",""company_name"":""Lennar"",""confidence"":85,""priority"":""high"",""signal_title"":""Lennar breaks ground on 1,000-home Rivergrass community"",""source_url"":""https://www.gulfshorebusiness.com/development/lennar-initiates-development-on-collier-community-homes/article_727842d3-3a39-4407-9568-a41820e28fce.html"",""talking_point"":""Congratulations on breaking ground at Rivergrass! With 1,000+ homes, this is the perfect opportunity to integrate smart building technology and digital twin solutions from day one.""}";;;;trigger_detected;0;;a1b2c3d4-e5f6-7890-abcd-ef1234567890;false;;2026-02-02 21:10:05.534353+00;
aea32152-7694-4cf0-949c-e311cd2e5785;;signal_scout;lindy_ai;trigger_detected;"{""company_domain"":""drhorton.com"",""company_name"":""D.R. Horton, Inc."",""confidence"":92,""priority"":""high"",""signal_title"":""Multiple Building Permits Filed Across Markets"",""source_url"":""https://www.glendaleaz.gov/files/assets/city/v/1/development-services/documents/permit-reports/2026-january-1-hnbp.pdf"",""talking_point"":""I noticed D.R. Horton just filed multiple building permits across your markets. Are you exploring smart building solutions for these new developments?""}";;;;trigger_detected;0;;a1b2c3d4-e5f6-7890-abcd-ef1234567890;false;;2026-02-02 21:11:18.160108+00;
a0aa9814-02a5-45ec-81bd-ed3da4f5afb0;;signal_scout;lindy_ai;trigger_detected;"{""company_domain"":""kbhome.com"",""company_name"":""KB Home"",""confidence"":85,""priority"":""high"",""signal_title"":""KB Home Appoints New CEO Robert McGibney"",""source_url"":""https://finance.yahoo.com/news/kb-home-names-robert-mcgibney-211000009.html"",""talking_point"":""Congratulations on Robert McGibney's appointment as CEO. New leadership often presents opportunities to explore innovative smart building technologies that can differentiate KB Home's developments.""}";;;;trigger_detected;0;;a1b2c3d4-e5f6-7890-abcd-ef1234567890;false;;2026-02-02 21:12:21.442023+00;
fa23ca5c-4b88-47d9-9abf-62fb4bc9ce3b;;signal_scout;lindy_ai;trigger_detected;"{""company_domain"":""tishmanspeyer.com"",""company_name"":""Tishman Speyer"",""confidence"":85,""priority"":""high"",""signal_title"":""$24.6M MetLife Building Renovation Permit"",""source_url"":""https://www.bldup.com/posts/new-24-6m-interior-renovation-permit-issued-for-metlife-building-at-200-park-avenue"",""talking_point"":""I saw Tishman Speyer just secured a $24.6M renovation permit for the MetLife Building - perfect timing to discuss how our smart building solutions can maximize ROI on this investment.""}";;;;trigger_detected;0;;a1b2c3d4-e5f6-7890-abcd-ef1234567890;false;;2026-02-02 21:13:19.270421+00;
5d1e3ab9-618b-4182-8212-16f3de4ab5e7;;signal_scout;lindy_ai;trigger_detected;"{""company_domain"":""relatedgroup.com"",""company_name"":""Related Group"",""confidence"":85,""priority"":""high"",""signal_title"":""Multiple Building Permits Filed for Major Developments"",""source_url"":""https://floridayimby.com/2025/06/related-group-and-macklowe-properties-plan-two-43-story-residential-towers-at-8000-east-drive-in-north-bay-village.html"",""talking_point"":""I noticed Related Group has several major developments in permitting phase, including the North Bay Village towers. These projects present perfect opportunities to integrate smart building solutions from the ground up.""}";;;;trigger_detected;0;;a1b2c3d4-e5f6-7890-abcd-ef1234567890;false;;2026-02-02 21:14:17.988738+00;
1e5acc22-fc7f-4996-a1af-44132dfdf1ab;;signal_scout;lindy_ai;trigger_detected;"{""company_domain"":""lightstonegroup.com"",""company_name"":""Lightstone"",""confidence"":85,""priority"":""high"",""signal_title"":""714-Unit Complex Construction Underway in Bronx"",""source_url"":""https://newyorkyimby.com/2025/01/excavation-underway-for-714-unit-complex-at-355-exterior-street-in-mott-haven-the-bronx.html"",""talking_point"":""I saw Lightstone has construction underway on the 714-unit complex in Mott Haven. With a project of this scale, have you considered how smart building technology could optimize operations and tenant experience?""}";;;;trigger_detected;0;;a1b2c3d4-e5f6-7890-abcd-ef1234567890;false;;2026-02-02 21:15:22.640938+00;
37c424b2-902c-4ce4-a85d-fad2b3f9c6fb;;signal_scout;lindy_ai;trigger_detected;"{""company_domain"":""bozzuto.com"",""company_name"":""Bozzuto"",""confidence"":85,""priority"":""high"",""signal_title"":""Development Permit Filed for 402-Unit Alexandria Tower"",""source_url"":""https://www.bizjournals.com/washington/news/2025/04/09/alexandria-mark-center-apartments-bozzuto-stewart.html"",""talking_point"":""Saw you're moving forward with the Mark Center development in Alexandria. We've helped similar 400+ unit projects integrate smart building solutions during the design phase to optimize operations and tenant experience.""}";;;;trigger_detected;0;;a1b2c3d4-e5f6-7890-abcd-ef1234567890;false;;2026-02-02 21:17:23.187856+00;
4cc2bb32-e445-47a9-8594-dab8da6af07a;;signal_scout;lindy_ai;trigger_detected;"{""company_domain"":""gables.com"",""company_name"":""Gables Residential"",""confidence"":85,""priority"":""high"",""signal_title"":""Joint Venture for 243-Unit Colorado Development"",""source_url"":""https://www.globenewswire.com/news-release/2025/07/02/3109549/1924/en/Toll-Brothers-Apartment-Living-and-Gables-Residential-Announce-Joint-Venture-to-Develop-243-Unit-Luxury-Multifamily-Community-in-Littleton-Colorado.html"",""talking_point"":""Congratulations on the Gables Angeline joint venture with Toll Brothers. As you plan this 243-unit luxury community, I'd love to discuss how our smart building solutions can enhance resident experience and operational efficiency from day one.""}";;;;trigger_detected;0;;a1b2c3d4-e5f6-7890-abcd-ef1234567890;false;;2026-02-02 21:18:30.36822+00;
edd7d95d-1570-4511-bd16-02229bc14e9e;;signal_scout;lindy_ai;trigger_detected;"{""company_domain"":""lennar.com"",""company_name"":""Lennar"",""confidence"":85,""priority"":""high"",""signal_title"":""$2B City Park Development in Miami-Dade"",""source_url"":""https://floridayimby.com/2025/10/city-park-at-west-kendall-files-application-for-2-billion-990-acre-15-minute-city-development.html"",""talking_point"":""I saw Lennar just filed for the $2B City Park development in Miami-Dade. A project of this scale would benefit tremendously from smart building technology and digital twin solutions from day one.""}";;;;trigger_detected;0;;a1b2c3d4-e5f6-7890-abcd-ef1234567890;false;;2026-02-10 20:10:39.128384+00;
52e1a8f3-a84f-4513-870e-bc09d021e486;;signal_scout;lindy_ai;trigger_detected;"{""company_domain"":""drhorton.com"",""company_name"":""D.R. Horton, Inc."",""confidence"":92,""priority"":""high"",""signal_title"":""Multiple Building Permits Filed in January 2026"",""source_url"":""https://www.glendaleaz.gov/files/assets/city/v/1/development-services/documents/permit-reports/2026-january-1-hnbp.pdf"",""talking_point"":""I noticed D.R. Horton has multiple active building permits this month. Are you exploring smart building solutions for these new developments?""}";;;;trigger_detected;0;;a1b2c3d4-e5f6-7890-abcd-ef1234567890;false;;2026-02-10 20:11:46.837507+00;
afe4903f-d1b0-4669-9c09-28fe1da430e8;;signal_scout;lindy_ai;trigger_detected;"{""company_domain"":""kbhome.com"",""company_name"":""KB Home"",""confidence"":90,""priority"":""high"",""signal_title"":""Building Permit Issued for Village 9 Development"",""source_url"":""https://www.placer.ca.gov/Archive.aspx?AMID=61&Type=Recent"",""talking_point"":""I noticed KB Home just received permits for the Village 9 development in Placer County. Are you exploring smart building solutions for this new phase?""}";;;;trigger_detected;0;;a1b2c3d4-e5f6-7890-abcd-ef1234567890;false;;2026-02-10 20:12:53.20871+00;
da84add1-1f1f-4d75-8c2f-380cd18846d2;;signal_scout;lindy_ai;trigger_detected;"{""company_domain"":""tishmanspeyer.com"",""company_name"":""Tishman Speyer"",""confidence"":80,""priority"":""high"",""signal_title"":""$125M South Florida Multifamily Acquisition"",""source_url"":""https://commercialobserver.com/2025/10/tishman-speyer-park-bell-at-broken-sound-boca/"",""talking_point"":""Congratulations on the $125M Boca Raton acquisition! As you integrate this property into your portfolio, our smart building solutions could help optimize operations and tenant experience.""}";;;;trigger_detected;0;;a1b2c3d4-e5f6-7890-abcd-ef1234567890;false;;2026-02-10 20:13:59.469737+00;
3d238bd0-11e7-4304-b768-5c4c5b2787f8;;signal_scout;lindy_ai;trigger_detected;"{""company_domain"":""relatedgroup.com"",""company_name"":""Related Group"",""confidence"":85,""priority"":""high"",""signal_title"":""South Bank Residences $150M Project in Permit Review"",""source_url"":""https://www.jaxdailyrecord.com/news/2026/jan/12/downtown-jacksonville-south-bank-residences-in-permit-review-at-150-million/"",""talking_point"":""I saw Related Group's $150M South Bank Residences project just entered permit review in Jacksonville. As you prepare for construction, have you considered how smart building technology could optimize operations and tenant experience from day one?""}";;;;trigger_detected;0;;a1b2c3d4-e5f6-7890-abcd-ef1234567890;false;;2026-02-10 20:15:07.361286+00;
00c7b3e0-0949-4b3a-8ef8-a7e22d678722;;signal_scout;lindy_ai;trigger_detected;"{""company_domain"":""lightstonegroup.com"",""company_name"":""Lightstone"",""confidence"":80,""priority"":""high"",""signal_title"":""714-Unit Bronx Development Under Construction"",""source_url"":""https://newyorkyimby.com/2025/01/excavation-underway-for-714-unit-complex-at-355-exterior-street-in-mott-haven-the-bronx.html"",""talking_point"":""I saw Lightstone broke ground on the 714-unit Bronx project - with a development this size, have you considered how smart building technology could optimize operations and tenant experience?""}";;;;trigger_detected;0;;a1b2c3d4-e5f6-7890-abcd-ef1234567890;false;;2026-02-10 20:16:13.613787+00;
c238604a-5f40-4b02-9343-79df518112c9;;signal_scout;lindy_ai;trigger_detected;"{""company_domain"":""bozzuto.com"",""company_name"":""Bozzuto"",""confidence"":80,""priority"":""high"",""signal_title"":""7-Story Alexandria Apartment Tower Permit Filed"",""source_url"":""https://www.bizjournals.com/washington/news/2025/04/09/alexandria-mark-center-apartments-bozzuto-stewart.html"",""talking_point"":""Congratulations on the Mark Center development approval! With 402 units planned, this would be an ideal project to showcase how smart building technology can enhance resident experience and operational efficiency.""}";;;;trigger_detected;0;;a1b2c3d4-e5f6-7890-abcd-ef1234567890;false;;2026-02-10 20:18:12.425533+00;
b772c6f2-f7b6-4226-b9a9-8b5acff701e2;;signal_scout;lindy_ai;trigger_detected;"{""company_domain"":""gables.com"",""company_name"":""Gables Residential"",""confidence"":80,""priority"":""high"",""signal_title"":""New Multifamily and Build-to-Rent Community Openings"",""source_url"":""https://www.enterprisenews.com/press-release/story/62357/gables-residential-celebrates-quick-strides-for-new-multifamily-and-build-to-rent-communities/"",""talking_point"":""Congratulations on your recent community openings! With your expanding portfolio, I'd love to discuss how our smart building solutions can help optimize operations and tenant experience across your new properties.""}";;;;trigger_detected;0;;a1b2c3d4-e5f6-7890-abcd-ef1234567890;false;;2026-02-10 20:19:16.662122+00;
0a1ef70d-8d63-4b6b-b498-b4ac5ca6d8a4;;signal_scout;lindy_ai;trigger_detected;"{""company_domain"":""lennar.com"",""company_name"":""Lennar"",""confidence"":85,""priority"":""high"",""signal_title"":""$2B City Park Development Filed in Miami-Dade"",""source_url"":""https://floridayimby.com/2025/10/city-park-at-west-kendall-files-application-for-2-billion-990-acre-15-minute-city-development.html"",""talking_point"":""I saw Lennar just filed for the $2B City Park project - a 15-minute city concept. Smart cities like this are exactly where digital twin technology creates the most value. Would love to show you how other developers are using our platform to optimize operations across large-scale developments like this.""}";;;;trigger_detected;0;;a1b2c3d4-e5f6-7890-abcd-ef1234567890;false;;2026-02-11 02:04:53.643241+00;
1fe51e72-3ff7-48f7-a93f-6bf954cadf6d;;signal_scout;lindy_ai;trigger_detected;"{""company_domain"":""drhorton.com"",""company_name"":""D.R. Horton, Inc."",""confidence"":92,""priority"":""high"",""signal_title"":""Multiple Building Permits Issued Q4 2025 - Q1 2026"",""source_url"":""https://aca-prod.accela.com/CHESAPEAKE/Report/ReportParameter.aspx?module=Building&reportID=5245&reportType=LINK_REPORT_LIST"",""talking_point"":""I noticed D.R. Horton has several active building permits across multiple markets. Are you exploring smart building solutions for these new developments?""}";;;;trigger_detected;0;;a1b2c3d4-e5f6-7890-abcd-ef1234567890;false;;2026-02-11 02:06:12.345417+00;
0afc3303-9771-41db-b4cc-6fb4a3eabc8c;;signal_scout;lindy_ai;trigger_detected;"{""company_domain"":""kbhome.com"",""company_name"":""KB Home"",""confidence"":85,""priority"":""high"",""signal_title"":""KB Home Acquires 38.6 Acres in Las Vegas for 299 New Homes"",""source_url"":""https://www.reviewjournal.com/business/housing/new-community-in-las-vegas-planned-for-3500-homes-bags-first-land-sale-to-builder-3605778/"",""talking_point"":""Congratulations on the new Las Vegas acquisition! With 299 homes planned, this could be perfect timing to discuss how our smart building solutions can differentiate your community and optimize operations from day one.""}";;;;trigger_detected;0;;a1b2c3d4-e5f6-7890-abcd-ef1234567890;false;;2026-02-11 02:07:20.924755+00;
75067884-9557-40f7-9ec3-8bde9d7ab0a7;;signal_scout;lindy_ai;trigger_detected;"{""company_domain"":""tishmanspeyer.com"",""company_name"":""Tishman Speyer"",""confidence"":85,""priority"":""high"",""signal_title"":""Tishman Speyer Doubles Down on South Florida With $125M Multifamily Purchase"",""source_url"":""https://commercialobserver.com/2025/10/tishman-speyer-park-bell-at-broken-sound-boca/"",""talking_point"":""Congratulations on the $125M Boca Raton acquisition! As you integrate this new multifamily asset, our smart building solutions could help optimize operations and tenant experience across your expanding South Florida portfolio.""}";;;;trigger_detected;0;;a1b2c3d4-e5f6-7890-abcd-ef1234567890;false;;2026-02-11 02:08:35.926822+00;
dbe990f6-f03a-41e0-82c2-a599c723c7fb;;signal_scout;lindy_ai;trigger_detected;"{""company_domain"":""relatedgroup.com"",""company_name"":""Related Group"",""confidence"":90,""priority"":""high"",""signal_title"":""Related Group Acquires $82.5M Aventura Property for Redevelopment"",""source_url"":""https://traded.co/blog/related-group-and-13th-floor-plan-409-unit-condo-redevelopment-in-aventura/"",""talking_point"":""Congratulations on the $82.5M Aventura acquisition! As you redevelop Arium Lincoln Pointe into luxury condos, our smart building solutions could help differentiate your units and optimize operations.""}";;;;trigger_detected;0;;a1b2c3d4-e5f6-7890-abcd-ef1234567890;false;;2026-02-11 02:09:45.514217+00;
fbec1469-eb8d-4db4-acb2-bfaa4092d6fe;;signal_scout;lindy_ai;trigger_detected;"{""company_domain"":""lightstonegroup.com"",""company_name"":""Lightstone"",""confidence"":85,""priority"":""high"",""signal_title"":""714-Unit Complex Construction Underway in Bronx"",""source_url"":""https://newyorkyimby.com/2025/01/excavation-underway-for-714-unit-complex-at-355-exterior-street-in-mott-haven-the-bronx.html"",""talking_point"":""I saw Lightstone has broken ground on the 714-unit complex in Mott Haven - with a project of that scale, optimizing building operations and tenant experience through smart building technology could deliver substantial ROI.""}";;;;trigger_detected;0;;a1b2c3d4-e5f6-7890-abcd-ef1234567890;false;;2026-02-11 02:10:51.120732+00;
bb952713-828b-4df8-a039-b5cc302e4c8a;;signal_scout;lindy_ai;trigger_detected;"{""company_domain"":""bozzuto.com"",""company_name"":""Bozzuto"",""confidence"":80,""priority"":""high"",""signal_title"":""7-story, 402-unit apartment building planned for Alexandria"",""source_url"":""https://www.alxnow.com/2025/09/29/7-story-402-unit-apartment-building-on-mark-center-drive-heads-to-planning-commission/"",""talking_point"":""I saw Bozzuto is moving forward with the 402-unit Mark Center Drive project in Alexandria. With a development of this scale, have you considered how smart building technology could optimize operations and resident experience from day one?""}";;;;trigger_detected;0;;a1b2c3d4-e5f6-7890-abcd-ef1234567890;false;;2026-02-11 02:12:44.205995+00;
7ce351c1-8fa0-4840-95df-51621af362c3;;signal_scout;lindy_ai;trigger_detected;"{""company_domain"":""gables.com"",""company_name"":""Gables Residential"",""confidence"":85,""priority"":""high"",""signal_title"":""Joint Venture for 243-Unit Luxury Development in Colorado"",""source_url"":""https://www.globenewswire.com/news-release/2025/07/02/3109549/1924/en/Toll-Brothers-Apartment-Living-and-Gables-Residential-Announce-Joint-Venture-to-Develop-243-Unit-Luxury-Multifamily-Community-in-Littleton-Colorado.html"",""talking_point"":""Congratulations on the Littleton joint venture with Toll Brothers. With a 243-unit luxury development launching, this could be the perfect time to discuss how our smart building solutions can differentiate your property and optimize operations from day one.""}";;;;trigger_detected;0;;a1b2c3d4-e5f6-7890-abcd-ef1234567890;false;;2026-02-11 02:14:01.695491+00;
5a19a209-a443-49a9-b92f-16b7ffde3e6d;;signal_scout;lindy_ai;trigger_detected;"{""company_domain"":""lennar.com"",""company_name"":""Lennar"",""confidence"":85,""priority"":""high"",""signal_title"":""Lennar Files $2B City Park Development Application"",""source_url"":""https://floridayimby.com/2025/10/city-park-at-west-kendall-files-application-for-2-billion-990-acre-15-minute-city-development.html"",""talking_point"":""Congratulations on the City Park development filing! A project of this scale would benefit tremendously from our smart building platform to optimize operations across 990 acres.""}";;;;trigger_detected;0;;a1b2c3d4-e5f6-7890-abcd-ef1234567890;false;;2026-02-11 08:03:16.563746+00;
908fd0fd-12aa-4d43-9440-962b05b487bd;;signal_scout;lindy_ai;trigger_detected;"{""company_domain"":""drhorton.com"",""company_name"":""D.R. Horton, Inc."",""confidence"":92,""priority"":""high"",""signal_title"":""Multiple Building Permits Issued January 2026"",""source_url"":""https://www.glendaleaz.gov/files/assets/city/v/1/development-services/documents/permit-reports/2026-january-1-hnbp.pdf"",""talking_point"":""I noticed D.R. Horton has multiple active building permits across several markets this month. Are you exploring smart building solutions for these new developments to enhance operational efficiency and resident experience?""}";;;;trigger_detected;0;;a1b2c3d4-e5f6-7890-abcd-ef1234567890;false;;2026-02-11 08:04:28.51985+00;
d965c2b9-51f1-4e30-8e60-7f6d887e6aed;;signal_scout;lindy_ai;trigger_detected;"{""company_domain"":""kbhome.com"",""company_name"":""KB Home"",""confidence"":85,""priority"":""medium"",""signal_title"":""KB Home Names Robert McGibney as New CEO"",""source_url"":""https://www.barchart.com/story/news/37282228/kb-home-names-robert-mcgibney-chief-executive-officer"",""talking_point"":""Congratulations on Robert McGibney's promotion to CEO! Leadership transitions are perfect opportunities to evaluate how smart building technology can support KB Home's operational goals and enhance your competitive advantage in the market.""}";;;;trigger_detected;0;;a1b2c3d4-e5f6-7890-abcd-ef1234567890;false;;2026-02-11 08:05:30.161799+00;
149f8b3e-de97-4fa7-867e-2fa98cd8cafd;;signal_scout;lindy_ai;trigger_detected;"{""company_domain"":""tishmanspeyer.com"",""company_name"":""Tishman Speyer"",""confidence"":85,""priority"":""high"",""signal_title"":""First NYC Office Acquisition Since 2019"",""source_url"":""https://newyorkyimby.com/2025/06/tishman-speyer-completes-acquisition-of-148-lafayette-street-in-soho-manhattan.html"",""talking_point"":""Congratulations on the 148 Lafayette acquisition - your first NYC office buy since 2019. As you integrate this SoHo property, have you considered how smart building technology could enhance tenant experience and operational efficiency?""}";;;;trigger_detected;0;;a1b2c3d4-e5f6-7890-abcd-ef1234567890;false;;2026-02-11 08:06:41.41407+00;
72749753-26e4-414a-95c7-66a560428ad0;;signal_scout;lindy_ai;trigger_detected;"{""company_domain"":""relatedgroup.com"",""company_name"":""Related Group"",""confidence"":85,""priority"":""high"",""signal_title"":""South Bank Residences $150M Project in Permit Review"",""source_url"":""https://www.jaxdailyrecord.com/news/2026/jan/12/downtown-jacksonville-south-bank-residences-in-permit-review-at-150-million/"",""talking_point"":""I saw Related Group's $150M South Bank Residences project just entered permit review in Jacksonville. As you move toward construction, have you considered how smart building technology could optimize operations and tenant experience for this flagship development?""}";;;;trigger_detected;0;;a1b2c3d4-e5f6-7890-abcd-ef1234567890;false;;2026-02-11 08:07:49.085563+00;
e8aec46c-e8da-422d-953d-f47fea8763aa;;signal_scout;lindy_ai;trigger_detected;"{""company_domain"":""lightstonegroup.com"",""company_name"":""Lightstone"",""confidence"":85,""priority"":""high"",""signal_title"":""714-Unit Complex Construction Underway in Bronx"",""source_url"":""https://newyorkyimby.com/2025/01/excavation-underway-for-714-unit-complex-at-355-exterior-street-in-mott-haven-the-bronx.html"",""talking_point"":""I saw Lightstone broke ground on the 714-unit complex in Mott Haven - with a project this size, have you considered how smart building technology could optimize operations and tenant experience?""}";;;;trigger_detected;0;;a1b2c3d4-e5f6-7890-abcd-ef1234567890;false;;2026-02-11 08:08:49.6339+00;
859ac546-6e6a-4197-827a-92128cc24ccc;;signal_scout;lindy_ai;trigger_detected;"{""company_domain"":""bozzuto.com"",""company_name"":""Bozzuto"",""confidence"":85,""priority"":""high"",""signal_title"":""Bozzuto Partners with Invesco on $1B Multifamily Investment Program"",""source_url"":""https://www.prnewswire.com/news-releases/invesco-real-estate-and-bozzuto-establish-investment-program-with-1b-deployment-capacity-for-east-coast-multifamily-assets-302508252.html"",""talking_point"":""Congratulations on the $1B Invesco partnership! With your aggressive East Coast expansion, I'd love to discuss how our smart building solutions can optimize operations across your growing portfolio.""}";;;;trigger_detected;0;;a1b2c3d4-e5f6-7890-abcd-ef1234567890;false;;2026-02-11 08:10:42.151795+00;
0ecde6ed-66d6-4cef-bf91-164c5ba99ca9;;signal_scout;lindy_ai;trigger_detected;"{""company_domain"":""gables.com"",""company_name"":""Gables Residential"",""confidence"":75,""priority"":""high"",""signal_title"":""Joint Venture with Toll Brothers for 243-Unit Luxury Development"",""source_url"":""https://yieldpro.com/2025/07/gables-angeline/"",""talking_point"":""Congratulations on the Gables Angeline joint venture with Toll Brothers. As you expand into Colorado's luxury market, smart building technology could differentiate your 243-unit community and optimize operational efficiency.""}";;;;trigger_detected;0;;a1b2c3d4-e5f6-7890-abcd-ef1234567890;false;;2026-02-11 08:11:50.021062+00;
8d61ab99-5fa7-48f3-ad90-56393a17a128;;signal_scout;lindy_ai;trigger_detected;"{""company_domain"":""lennar.com"",""company_name"":""Lennar"",""confidence"":85,""priority"":""high"",""signal_title"":""Lennar JV Acquires $232M Irvine Office Campus for Development"",""source_url"":""https://www.ocbj.com/newsletter-feed/lennar-backed-jv-buys-irvine-office-campus-for-232m/"",""talking_point"":""Congratulations on the Irvine campus acquisition! As you plan the residential redevelopment, our smart building solutions could help maximize property value and operational efficiency from day one.""}";;;;trigger_detected;0;;a1b2c3d4-e5f6-7890-abcd-ef1234567890;false;;2026-02-11 14:05:10.892995+00;
4a449e97-455c-44ec-be6b-4b077b4986d4;;signal_scout;lindy_ai;trigger_detected;"{""company_domain"":""drhorton.com"",""company_name"":""D.R. Horton, Inc."",""confidence"":92,""priority"":""high"",""signal_title"":""Multiple Building Permits Issued Across Markets"",""source_url"":""https://www.glendaleaz.gov/files/assets/city/v/2/development-services/documents/permit-reports/2026-january-4-hnbp.pdf"",""talking_point"":""I noticed D.R. Horton has multiple active building permits across several markets. Are you exploring smart building solutions for these new construction projects?""}";;;;trigger_detected;0;;a1b2c3d4-e5f6-7890-abcd-ef1234567890;false;;2026-02-11 14:06:26.629384+00;
c49953ad-b70d-4f9c-8ec8-a6d122eb78e3;;signal_scout;lindy_ai;trigger_detected;"{""company_domain"":""kbhome.com"",""company_name"":""KB Home"",""confidence"":85,""priority"":""medium"",""signal_title"":""KB Home Names Robert McGibney as New CEO"",""source_url"":""https://www.gurufocus.com/news/8560588/kb-home-names-robert-mcgibney-chief-executive-officer"",""talking_point"":""Congratulations on Robert McGibney's appointment as CEO! New leadership often brings fresh perspectives on technology investments. I'd love to share how our smart building solutions have helped other homebuilders like KB Home optimize operations and enhance buyer experiences.""}";;;;trigger_detected;0;;a1b2c3d4-e5f6-7890-abcd-ef1234567890;false;;2026-02-11 14:07:29.547001+00;
533ac21e-25ba-4d86-9b58-36ef7b88e8a7;;signal_scout;lindy_ai;trigger_detected;"{""company_domain"":""tishmanspeyer.com"",""company_name"":""Tishman Speyer"",""confidence"":85,""priority"":""high"",""signal_title"":""Tishman Speyer Acquires $125M Multifamily Property in South Florida"",""source_url"":""https://commercialobserver.com/2025/10/tishman-speyer-park-bell-at-broken-sound-boca/"",""talking_point"":""Congratulations on the Park Bell acquisition in Boca Raton. As you expand your South Florida portfolio, smart building technology could help optimize operations across your growing multifamily assets.""}";;;;trigger_detected;0;;a1b2c3d4-e5f6-7890-abcd-ef1234567890;false;;2026-02-11 14:08:39.338579+00;
7ae31d3a-45b5-477c-b58a-55a8772f8406;;signal_scout;lindy_ai;trigger_detected;"{""company_domain"":""relatedgroup.com"",""company_name"":""Related Group"",""confidence"":85,""priority"":""high"",""signal_title"":""South Bank Residences $150M Project in Permit Review"",""source_url"":""https://www.jaxdailyrecord.com/news/2026/jan/12/downtown-jacksonville-south-bank-residences-in-permit-review-at-150-million/"",""talking_point"":""I saw Related Group's South Bank Residences project just entered permit review in Jacksonville. With a $150M investment, this would be an ideal opportunity to integrate smart building solutions from the ground up.""}";;;;trigger_detected;0;;a1b2c3d4-e5f6-7890-abcd-ef1234567890;false;;2026-02-11 14:09:51.306054+00;
cd8b30f9-d083-47e9-8d09-bfddb1a6f3ac;;signal_scout;lindy_ai;trigger_detected;"{""company_domain"":""lightstonegroup.com"",""company_name"":""Lightstone"",""confidence"":85,""priority"":""high"",""signal_title"":""714-Unit Complex Construction Underway in Bronx"",""source_url"":""https://newyorkyimby.com/2025/01/excavation-underway-for-714-unit-complex-at-355-exterior-street-in-mott-haven-the-bronx.html"",""talking_point"":""I saw Lightstone broke ground on the 714-unit Bronx project - with a development this size, have you considered how smart building solutions could optimize operations and tenant experience?""}";;;;trigger_detected;0;;a1b2c3d4-e5f6-7890-abcd-ef1234567890;false;;2026-02-11 14:11:04.443618+00;
7896115a-1169-4d3b-a5fb-e73fdb3fc98f;;signal_scout;lindy_ai;trigger_detected;"{""company_domain"":""cityclubapartments.com"",""company_name"":""City Club Apartments"",""confidence"":82,""priority"":""HIGH"",""signal_title"":""SomeraRoad Inc. Acquisition Following Foreclosure"",""source_url"":""https://www.bizjournals.com/kansascity/news/2025/09/02/city-club-apartments-acquisition-someraroads.html"",""talking_point"":""Congratulations on SomeraRoad's recent acquisition of your property portfolio. New ownership often brings fresh capital and modernization initiatives - I'd love to discuss how The View Pro's smart building solutions could support your investment strategy and operational efficiency goals.""}";;;;trigger_detected;0;;a1b2c3d4-e5f6-7890-abcd-ef1234567890;false;;2026-02-11 14:12:10.027229+00;
e3e39e2a-8bda-4cd3-b76f-cf2df601ec03;;signal_scout;lindy_ai;trigger_detected;"{""company_domain"":""bozzuto.com"",""company_name"":""Bozzuto"",""confidence"":85,""priority"":""high"",""signal_title"":""Bozzuto Files Permit for 402-Unit Alexandria Tower"",""source_url"":""https://www.bizjournals.com/washington/news/2025/04/09/alexandria-mark-center-apartments-bozzuto-stewart.html"",""talking_point"":""Congratulations on the Alexandria project approval - we help developers like you integrate smart building solutions from day one""}";;;;trigger_detected;0;;a1b2c3d4-e5f6-7890-abcd-ef1234567890;false;;2026-02-11 14:13:18.221042+00;
70d522e9-d774-4573-8d86-35060d2b1416;;signal_scout;lindy_ai;trigger_detected;"{""company_domain"":""gables.com"",""company_name"":""Gables Residential"",""confidence"":85,""priority"":""high"",""signal_title"":""Joint Venture for 243-Unit Luxury Development in Colorado"",""source_url"":""https://investors.tollbrothers.com/news-and-events/press-releases/2025/07-02-2025-213052926"",""talking_point"":""Congratulations on the Gables Angeline project with Toll Brothers. Given the luxury positioning and 2027 timeline, this could be perfect for implementing smart building solutions that differentiate the property and optimize operations.""}";;;;trigger_detected;0;;a1b2c3d4-e5f6-7890-abcd-ef1234567890;false;;2026-02-11 14:14:52.138262+00;
5a1c322c-a71e-456e-97c5-5d5860539db4;;signal_scout;lindy_ai;trigger_detected;"{""company_domain"":""lennar.com"",""company_name"":""Lennar"",""confidence"":85,""priority"":""high"",""signal_title"":""Lennar Filed 1,210 Residential Permits in San Antonio (2025)"",""source_url"":""https://www.bizjournals.com/sanantonio/news/2026/01/02/san-antonio-homebuilding-dominated-by-lennar.html"",""talking_point"":""I saw Lennar filed over 1,200 permits in San Antonio last year - that's impressive scale. With that many projects in your pipeline, how are you managing construction oversight and future building operations across your portfolio?""}";;;;trigger_detected;0;;a1b2c3d4-e5f6-7890-abcd-ef1234567890;false;;2026-02-11 20:03:22.752636+00;
cb409f0c-2978-448a-b7bb-a1e6e8030f47;;signal_scout;lindy_ai;trigger_detected;"{""company_domain"":""drhorton.com"",""company_name"":""D.R. Horton, Inc."",""confidence"":90,""priority"":""high"",""signal_title"":""Building Permits Issued in Glendale, AZ"",""source_url"":""https://www.glendaleaz.gov/files/assets/city/v/1/development-services/documents/permit-reports/2026-january-2-hnbp.pdf"",""talking_point"":""I noticed D.R. Horton just received building permits in Glendale - are you exploring smart building solutions for these new developments?""}";;;;trigger_detected;0;;a1b2c3d4-e5f6-7890-abcd-ef1234567890;false;;2026-02-11 20:04:34.703293+00;
ee397e68-aacd-44aa-8f08-aef285052e90;;signal_scout;lindy_ai;trigger_detected;"{""company_domain"":""kbhome.com"",""company_name"":""KB Home"",""confidence"":85,""priority"":""high"",""signal_title"":""KB Home Acquires 38.6 Acres in Las Vegas for 299-Home Development"",""source_url"":""https://www.reviewjournal.com/business/housing/new-community-in-las-vegas-planned-for-3500-homes-bags-first-land-sale-to-builder-3605778/"",""talking_point"":""Congratulations on the Las Vegas expansion! With 299 new homes planned, this could be the perfect opportunity to integrate smart building solutions from day one.""}";;;;trigger_detected;0;;a1b2c3d4-e5f6-7890-abcd-ef1234567890;false;;2026-02-11 20:05:53.96865+00;
5e03f90c-b163-4ec1-b4e7-aca08721318c;;signal_scout;lindy_ai;trigger_detected;"{""company_domain"":""tishmanspeyer.com"",""company_name"":""Tishman Speyer"",""confidence"":85,""priority"":""high"",""signal_title"":""Tishman Speyer Doubles Down on South Florida With $125M Multifamily Purchase"",""source_url"":""https://commercialobserver.com/2025/10/tishman-speyer-park-bell-at-broken-sound-boca/"",""talking_point"":""Congratulations on the $125M Park Bell acquisition in Boca Raton! As you integrate this property into your portfolio, we'd love to discuss how our smart building solutions can optimize operations and tenant experience across your Florida assets.""}";;;;trigger_detected;0;;a1b2c3d4-e5f6-7890-abcd-ef1234567890;false;;2026-02-11 20:07:00.624034+00;
cb13f502-85ca-459b-b852-24a3e60d74d1;;signal_scout;lindy_ai;trigger_detected;"{""company_domain"":""relatedgroup.com"",""company_name"":""Related Group"",""confidence"":85,""priority"":""high"",""signal_title"":""South Bank Residences $150M Project in Permit Review"",""source_url"":""https://www.jaxdailyrecord.com/news/2026/jan/12/downtown-jacksonville-south-bank-residences-in-permit-review-at-150-million/"",""talking_point"":""I saw Related Group's South Bank Residences project just entered permit review in Jacksonville. With a $150M investment, this could be perfect timing to discuss how our smart building solutions can maximize operational efficiency from day one.""}";;;;trigger_detected;0;;a1b2c3d4-e5f6-7890-abcd-ef1234567890;false;;2026-02-11 20:08:20.153745+00;
af0c7e02-3632-4663-917e-6fbabf0b1833;;signal_scout;lindy_ai;trigger_detected;"{""company_domain"":""lightstonegroup.com"",""company_name"":""Lightstone"",""confidence"":85,""priority"":""high"",""signal_title"":""714-Unit Complex Construction Underway in Bronx"",""source_url"":""https://newyorkyimby.com/2025/01/excavation-underway-for-714-unit-complex-at-355-exterior-street-in-mott-haven-the-bronx.html"",""talking_point"":""I saw Lightstone just broke ground on the 714-unit Mott Haven project - that's exactly the type of large-scale development where our smart building solutions can maximize operational efficiency and tenant satisfaction from day one.""}";;;;trigger_detected;0;;a1b2c3d4-e5f6-7890-abcd-ef1234567890;false;;2026-02-11 20:09:36.636445+00;
1ff810a7-b7ef-4c80-81dc-6ba8b31a99f9;;signal_scout;lindy_ai;trigger_detected;"{""company_domain"":""bozzuto.com"",""company_name"":""Bozzuto"",""confidence"":90,""priority"":""high"",""signal_title"":""$1B Investment Program with Invesco Real Estate"",""source_url"":""https://www.bozzuto.com/news/2025/invesco-real-estate-and-bozzuto-establish-investment-program-with-1b-deployment-capacity-for-east-coast-multifamily-assets/"",""talking_point"":""Congratulations on the $1B Invesco partnership! With this scale of portfolio expansion, our smart building solutions could help optimize operations and tenant experience across your new acquisitions.""}";;;;trigger_detected;0;;a1b2c3d4-e5f6-7890-abcd-ef1234567890;false;;2026-02-11 20:11:58.504565+00;
9f1bf25d-df13-4755-8e93-5078a92bf6c9;;signal_scout;lindy_ai;trigger_detected;"{""company_domain"":""gables.com"",""company_name"":""Gables Residential"",""confidence"":85,""priority"":""high"",""signal_title"":""Joint Venture for 243-Unit Luxury Development in Colorado"",""source_url"":""https://www.bizjournals.com/denver/news/2025/07/07/toll-brothers-gables-residential-littleton-housing.html"",""talking_point"":""Congratulations on the Gables Angeline joint venture with Toll Brothers. As you expand into the Colorado luxury market, our smart building solutions could help differentiate this 243-unit community and optimize operations from day one.""}";;;;trigger_detected;0;;a1b2c3d4-e5f6-7890-abcd-ef1234567890;false;;2026-02-11 20:13:24.276238+00;
c8eaf638-ed9e-40b6-bbdd-736d66d8913d;;signal_scout;lindy_ai;trigger_detected;"{""company_domain"":""lennar.com"",""company_name"":""Lennar"",""confidence"":95,""priority"":""high"",""signal_title"":""Lennar Completes Major Acquisition of Rausch Coleman Homes"",""source_url"":""https://investors.lennar.com/press-releases/2025/02-10-2025-221132680"",""talking_point"":""Congratulations on the Rausch Coleman acquisition! With 5,300+ new homes in your portfolio, we'd love to discuss how our smart building solutions can help standardize operations and maximize efficiency across your expanded footprint.""}";;;;trigger_detected;0;;a1b2c3d4-e5f6-7890-abcd-ef1234567890;false;;2026-02-12 02:03:38.28072+00;
a62e59cb-a98f-4771-b6d6-a063a166739f;;signal_scout;lindy_ai;trigger_detected;"{""company_domain"":""drhorton.com"",""company_name"":""D.R. Horton, Inc."",""confidence"":75,""priority"":""MEDIUM"",""signal_title"":""Land Acquisitions in Guilford/Alamance Counties"",""source_url"":""https://www.bizjournals.com/triad/news/2025/12/11/land-sales-dec-5-2025-dr-horton-alamance-guilford.html"",""talking_point"":""I noticed D.R. Horton recently acquired land in Guilford and Alamance counties for new development projects. With your expansion into new markets, this could be an ideal time to discuss how smart building technology can differentiate your properties and attract tech-savvy buyers.""}";;;;trigger_detected;0;;a1b2c3d4-e5f6-7890-abcd-ef1234567890;false;;2026-02-12 02:04:45.839192+00;
e4cf8c10-930c-4aca-be61-4a341508edd0;;signal_scout;lindy_ai;trigger_detected;"{""company_domain"":""kbhome.com"",""company_name"":""KB Home"",""confidence"":85,""priority"":""high"",""signal_title"":""KB Home Names Robert McGibney as New CEO"",""source_url"":""https://www.gurufocus.com/news/8560588/kb-home-names-robert-mcgibney-chief-executive-officer"",""talking_point"":""Congratulations on Robert McGibney's appointment as CEO! New leadership often brings fresh perspectives on technology investments. I'd love to share how The View Pro's smart building solutions have helped other homebuilders like KB Home optimize operations and enhance the customer experience.""}";;;;trigger_detected;0;;a1b2c3d4-e5f6-7890-abcd-ef1234567890;false;;2026-02-12 02:06:07.501426+00;
b2339082-1879-4be2-b58b-7a7ccd31e1cb;;signal_scout;lindy_ai;trigger_detected;"{""company_domain"":""tishmanspeyer.com"",""company_name"":""Tishman Speyer"",""confidence"":80,""priority"":""HIGH"",""signal_title"":""ACQUISITION - $125M Multifamily Purchase in South Florida"",""source_url"":""https://commercialobserver.com/2025/10/tishman-speyer-park-bell-at-broken-sound-boca/"",""talking_point"":""Congratulations on your recent $125M acquisition of Park Bell at Broken Sound in Boca Raton. As you expand your multifamily portfolio in South Florida, our smart building solutions could help optimize operations and tenant experience across your growing portfolio.""}";;;;trigger_detected;0;;a1b2c3d4-e5f6-7890-abcd-ef1234567890;false;;2026-02-12 02:07:30.052276+00;
2c6c3e16-1c08-480b-b1f4-10b768432273;;signal_scout;lindy_ai;trigger_detected;"{""company_domain"":""relatedgroup.com"",""company_name"":""Related Group"",""confidence"":80,""priority"":""high"",""signal_title"":""62-Story Luxury Condo Tower Permit Filed in Sunny Isles"",""source_url"":""https://lsnpartners.com/plans-revealed-for-related-dezer-and-bhs-sunny-isles-luxury-condo-tower/"",""talking_point"":""Saw you just filed permits for the 62-story Sunny Isles tower - luxury developments like this are perfect candidates for our smart building solutions to enhance resident experience and operational efficiency.""}";;;;trigger_detected;0;;a1b2c3d4-e5f6-7890-abcd-ef1234567890;false;;2026-02-12 02:08:51.074931+00;
a9548fe8-3442-42ec-b308-e92b05e3d5fd;;signal_scout;lindy_ai;trigger_detected;"{""company_domain"":""lightstonegroup.com"",""company_name"":""Lightstone"",""confidence"":85,""priority"":""high"",""signal_title"":""714-Unit Complex Construction Underway in Bronx"",""source_url"":""https://newyorkyimby.com/2025/01/excavation-underway-for-714-unit-complex-at-355-exterior-street-in-mott-haven-the-bronx.html"",""talking_point"":""I saw Lightstone broke ground on the 714-unit complex in the Bronx. With a project that size, have you considered how smart building technology could optimize operations and tenant experience from day one?""}";;;;trigger_detected;0;;a1b2c3d4-e5f6-7890-abcd-ef1234567890;false;;2026-02-12 02:09:59.855869+00;
dd436d63-d026-4f06-a6b5-8915cb03c0f6;;signal_scout;lindy_ai;trigger_detected;"{""company_domain"":""cityclubapartments.com"",""company_name"":""City Club Apartments"",""confidence"":85,""priority"":""high"",""signal_title"":""SomeraRoad Acquires City Club Apartments Property Following Foreclosure"",""source_url"":""https://www.bizjournals.com/kansascity/news/2025/09/02/city-club-apartments-acquisition-someraroads.html"",""talking_point"":""Congratulations on SomeraRoad's recent acquisition of the Kansas City property. As you work to stabilize and improve operations, our smart building solutions could help optimize energy efficiency and tenant experience.""}";;;;trigger_detected;0;;a1b2c3d4-e5f6-7890-abcd-ef1234567890;false;;2026-02-12 02:11:05.519137+00;
fac0d378-a2f9-4c61-8071-69ee94dd4438;;signal_scout;lindy_ai;trigger_detected;"{""company_domain"":""bozzuto.com"",""company_name"":""Bozzuto"",""confidence"":85,""priority"":""high"",""signal_title"":""Bozzuto Acquires 454-Unit Property in Northern Virginia"",""source_url"":""https://www.bozzuto.com/news/2025/bozzuto-and-invesco-real-estate-advance-1-billion-investment-program-with-northern-virginia-acquisition/"",""talking_point"":""Congratulations on the Ashton at Dulles Corner acquisition! As you plan the property upgrades, our smart building solutions could help maximize NOI and resident satisfaction at your new Northern Virginia asset.""}";;;;trigger_detected;0;;a1b2c3d4-e5f6-7890-abcd-ef1234567890;false;;2026-02-12 02:12:25.244797+00;
3b43d00b-1694-489b-b810-8777665a12b1;;signal_scout;lindy_ai;trigger_detected;"{""company_domain"":""gables.com"",""company_name"":""Gables Residential"",""confidence"":85,""priority"":""high"",""signal_title"":""Joint Venture for 243-Unit Colorado Development"",""source_url"":""https://www.globenewswire.com/news-release/2025/07/02/3109549/1924/en/Toll-Brothers-Apartment-Living-and-Gables-Residential-Announce-Joint-Venture-to-Develop-243-Unit-Luxury-Multifamily-Community-in-Littleton-Colorado.html"",""talking_point"":""Congratulations on the Toll Brothers partnership for Gables Angeline! As you're expanding into Colorado with this luxury development, I'd love to discuss how our smart building solutions could enhance the resident experience and operational efficiency for this flagship project.""}";;;;trigger_detected;0;;a1b2c3d4-e5f6-7890-abcd-ef1234567890;false;;2026-02-12 02:13:42.494501+00;
b297403b-6182-47a1-b304-3747e2e79963;;signal_scout;lindy_ai;trigger_detected;"{""company_domain"":""crowholdings.com"",""company_id"":""21309722552"",""company_name"":""Trammell Crow Residential"",""confidence"":85,""contact_email"":""kschafer@trammellcrow.com"",""contact_name"":""Kimberly Schafer"",""contact_title"":""Senior Marketing Specialist"",""priority"":""HIGH"",""signal_title"":""Trammell Crow Opens Nashville and Phoenix Offices"",""signal_type"":""EXPANSION"",""source_url"":""https://www.crowholdings.com/insights/trammell-crow-residential-opens-nashville-and-phoenix-offices-to-expand-national-multifamily-development-platform/"",""talking_point"":""Congratulations on the Nashville and Phoenix expansion! As you're scaling operations across new markets, I'd love to show you how our digital twin platform is helping other national multifamily developers standardize smart building operations across their portfolios.""}";;;;trigger_detected;0;;a1b2c3d4-e5f6-7890-abcd-ef1234567890;false;;2026-02-16 05:55:30.646366+00;
385ebb33-bc06-4276-9482-b05ba2a49210;;signal_scout;lindy_ai;trigger_detected;"{""company_domain"":""rdmanagement.com"",""company_id"":""2846783708"",""company_name"":""RD Management"",""confidence"":90,""contact_email"":""nichole.a.fuchigami@gmail.com"",""contact_name"":""Nichole Fuchigami"",""contact_title"":""Vice President of Operations"",""priority"":""HIGH"",""signal_title"":""Major Redevelopment Completion - Casselberry Exchange Shopping Center"",""signal_type"":""DEVELOPMENT"",""source_url"":""https://finance.yahoo.com/news/rd-management-announces-completion-major-193300082.html"",""talking_point"":""Congratulations on completing the major redevelopment at Casselberry Exchange! With your recent $350M credit facility and expansion into new markets, this could be the perfect time to discuss how our smart building solutions can optimize operations across your growing portfolio.""}";;;;trigger_detected;0;;a1b2c3d4-e5f6-7890-abcd-ef1234567890;false;;2026-02-16 05:57:28.678626+00;
00780303-a491-439c-9f0c-1a04c73420b7;;signal_scout;lindy_ai;trigger_detected;"{""company_domain"":""huntcompanies.com"",""company_id"":""2846783777"",""company_name"":""Hunt Companies"",""confidence"":82,""contact_email"":""gary.sapp@huntcompanies.com"",""contact_name"":""Gary Sapp"",""contact_title"":""President, Development, Southwest"",""priority"":""HIGH"",""signal_title"":""Hunt Companies Acquires View Homes Homebuilder"",""signal_type"":""ACQUISITION"",""source_url"":""https://www.elpasotimes.com/story/money/business/2025/12/19/hunt-companies-expands-portfolio-with-ownership-in-el-paso-regional-homebuilder-view-homes/87796039007/"",""talking_point"":""Congratulations on the View Homes acquisition! As Hunt expands into single-family development, I'd love to discuss how The View Pro's smart building solutions can help optimize operations and resident experience across your growing residential portfolio.""}";;;;trigger_detected;0;;a1b2c3d4-e5f6-7890-abcd-ef1234567890;false;;2026-02-16 06:43:40.029285+00;
ca117d6b-79a9-4037-8af8-f2cd70304cf1;;signal_scout;lindy_ai;trigger_detected;"{""company_domain"":""pennrose.com"",""company_id"":""2847793701"",""company_name"":""Pennrose"",""confidence"":88,""contact_email"":""lreedy@pennrose.com"",""contact_name"":""Lee Reedy"",""contact_title"":""Vice President, Marketing & Communications"",""priority"":""HIGH"",""signal_title"":""Pennrose Acquires Historic Warner & Swasey Building for $64M Redevelopment"",""signal_type"":""ACQUISITION"",""source_url"":""https://www.pennrose.com/news-views/news/2025/pennrose-closes-acquisition-of-historic-warner-and-swasey-building-advancing-major-mixed-income-redevelopment-in-cleveland-s-midtown/"",""talking_point"":""Congratulations on the Warner & Swasey acquisition! Historic building redevelopments like yours often benefit significantly from digital twin technology to optimize operations while preserving the building's character. I'd love to share how we've helped similar mixed-use projects reduce operating costs by 15-20%.""}";;;;trigger_detected;0;;a1b2c3d4-e5f6-7890-abcd-ef1234567890;false;;2026-02-16 06:44:53.948725+00;
d249cb78-7e7e-460f-bd57-95f777cd60de;;signal_scout;lindy_ai;trigger_detected;"{""company_domain"":""envolvellc.com"",""company_id"":""2847794081"",""company_name"":""Envolve"",""confidence"":75,""contact_email"":""drew.taylor@ledic.com"",""contact_name"":""Drew Taylor"",""contact_title"":""SVP Asset Management"",""priority"":""MEDIUM"",""signal_title"":""Envolve Acquires Excel Property Management, Adds 7,000 Units"",""signal_type"":""ACQUISITION"",""source_url"":""https://www.bizjournals.com/memphis/news/2025/06/17/envolve-raleigh-north-carolina-excel-merger.html"",""talking_point"":""Congratulations on the Excel Property Management acquisition and expansion into North Carolina! With 7,000 new units to integrate, this seems like the perfect time to explore how our smart building solutions can help standardize operations and maximize efficiency across your expanded southeastern portfolio.""}";;;;trigger_detected;0;;a1b2c3d4-e5f6-7890-abcd-ef1234567890;false;;2026-02-16 06:46:20.24153+00;
0a26d20c-26b0-4f3c-8458-900666853a11;;signal_scout;lindy_ai;trigger_detected;"{""company_domain"":""extell.com"",""company_id"":""2852459915"",""company_name"":""Extell"",""confidence"":88,""contact_email"":""trothenberg@extell.com"",""contact_name"":""Tamar Rothenberg"",""contact_title"":""Senior Vice President of Marketing"",""priority"":""HIGH"",""signal_title"":""Extell Acquires $39.9M Air Rights for Madison Avenue Project"",""signal_type"":""ACQUISITION"",""source_url"":""https://threadcre.com/gary-barnetts-extell-pays-39-9m-for-metropolitan-club-air-rights-at-655-madison-avenue/"",""talking_point"":""Congratulations on securing the Metropolitan Club air rights for your Madison Avenue supertall project. Given the scale and luxury positioning of this development, I'd love to discuss how The View Pro's digital twin technology can optimize building performance and resident experience from day one of operations.""}";;;;trigger_detected;0;;a1b2c3d4-e5f6-7890-abcd-ef1234567890;false;;2026-02-16 06:50:34.235838+00;
bb936a53-d358-450b-ab4a-714f2a7a21e9;;signal_scout;lindy_ai;trigger_detected;"{""company_domain"":""hines.com"",""company_id"":""2852459921"",""company_name"":""Hines"",""confidence"":85,""contact_email"":""brian.lindvall@hines.com"",""contact_name"":""Brian Lindvall"",""contact_title"":""Director, Development & Property Marketing"",""priority"":""HIGH"",""signal_title"":""Hines Appointed Asset Manager for Baltimore Peninsula"",""signal_type"":""ROLE_CHANGE"",""source_url"":""https://www.hines.com/news/hines-appointed-asset-manager-for-baltimore-pennisula"",""talking_point"":""Congratulations on being selected as asset manager for Baltimore Peninsula! Managing a mixed-use development of that scale requires sophisticated building intelligence. I'd love to show you how our digital twin technology is helping other major asset managers optimize operations and tenant satisfaction across their portfolios.""}";;;;trigger_detected;0;;a1b2c3d4-e5f6-7890-abcd-ef1234567890;false;;2026-02-16 06:52:01.798128+00;
63d79f7b-9e66-4b12-8846-ca9adb8dd6c6;;signal_scout;lindy_ai;trigger_detected;"{""company_domain"":""hoffman-dev.com"",""company_id"":""2860093977"",""company_name"":""Hoffman & Associates"",""confidence"":88,""contact_email"":""epotkin@pnhoffman.com"",""contact_name"":""Eric Potkin"",""contact_title"":""Senior Manager, Design & Development"",""priority"":""HIGH"",""signal_title"":""$144M Mixed-Use Development Financing Secured"",""signal_type"":""DEVELOPMENT"",""source_url"":""https://www.multihousingnews.com/hoffman-debartolo-land-144m-for-richmond-project/"",""talking_point"":""Congratulations on securing $144M in financing for your Richmond mixed-use project! With this scale of development, smart building technology and digital twin solutions could optimize operations and tenant experience across your portfolio.""}";;;;trigger_detected;0;;a1b2c3d4-e5f6-7890-abcd-ef1234567890;false;;2026-02-16 07:09:37.846411+00;
0965e84f-de76-4d33-b8b3-0a1d6bb3dc95;;signal_scout;lindy_ai;trigger_detected;"{""company_domain"":""camdenliving.com"",""company_id"":""2860691191"",""company_name"":""Camden Property Trust"",""confidence"":85,""contact_email"":""khernandez@camdenliving.com"",""contact_name"":""Kathy Hernandez"",""contact_title"":""Director of Strategic Marketing"",""priority"":""HIGH"",""signal_title"":""Camden Property Trust Announces Aggressive 2025 Acquisition Strategy While Divesting California Portfolio"",""signal_type"":""ACQUISITION"",""source_url"":""https://www.multifamilydive.com/news/apartment-reit-camden-multifamily-investment-housing-supply/741142/"",""talking_point"":""Camden just put 3,609 units in California up for sale while announcing they're becoming 'more aggressive' with acquisitions in 2025. This active portfolio restructuring suggests they'll need smart building technology for new properties to optimize operations and tenant experience.""}";;;;trigger_detected;0;;a1b2c3d4-e5f6-7890-abcd-ef1234567890;false;;2026-02-16 07:12:38.10103+00;
1865bd85-f8af-42bf-b4f2-a49e7685eca2;;signal_scout;lindy_ai;trigger_detected;"{""company_domain"":""flco.com"",""company_id"":""2860098871"",""company_name"":""Flaherty & Collins Properties"",""confidence"":75,""contact_email"":""mrourke@flco.com"",""contact_name"":""Melissa Rourke"",""contact_title"":""Director of Property Management"",""priority"":""MEDIUM"",""signal_title"":""New VP of Acquisitions Division Appointed"",""signal_type"":""ROLE_CHANGE"",""source_url"":""https://flco.com/flaherty-collins-announces-chris-reckley-as-vice-president-of-new-acquisitions-division/"",""talking_point"":""Congratulations on launching your new acquisitions division with Chris Reckley! As you're expanding your portfolio, we help multifamily operators like you optimize newly acquired properties with smart building technology and digital twins that can identify immediate cost savings and operational efficiencies.""}";;;;trigger_detected;0;;a1b2c3d4-e5f6-7890-abcd-ef1234567890;false;;2026-02-16 07:49:04.46856+00;
b6686c0b-3de4-4671-aca3-06c7339e5fed;;signal_scout;lindy_ai;trigger_detected;"{""company_domain"":""laterradev.com"",""company_id"":""2861436888"",""company_name"":""LaTerra Development"",""confidence"":95,""contact_email"":""susanaz@laterradev.com"",""contact_name"":""Susana Zak"",""contact_title"":""Senior Development Manager"",""priority"":""HIGH"",""signal_title"":""LaTerra Acquiring $455M Chicago Multifamily Portfolio"",""signal_type"":""ACQUISITION"",""source_url"":""https://commercialobserver.com/2025/12/laterra-capital-respark-residential-buy-chicago-multifamily-portfolio/"",""talking_point"":""Congratulations on the major Chicago portfolio acquisition! As you prepare to integrate 1,500 new units, we'd love to show you how our smart building solutions have helped other multifamily operators optimize operations and reduce costs during portfolio expansions like yours.""}";;;;trigger_detected;0;;a1b2c3d4-e5f6-7890-abcd-ef1234567890;false;;2026-02-16 07:52:43.24508+00;