id;user_id;client_id;white_label_config_id;business_name;business_description;industry;target_audience;domain_slug;title;meta_description;generation_method;template_id;sections;theme;status;published_at;ai_tokens_used;images_generated;generation_cost;created_at;updated_at
52d47938-9f2d-48e7-b560-2bc92a900cfa;b8c5a162-5141-422e-9924-dc0e8c333790;;;EnWaTel LLC;"Here‚Äôs a clear, professional description of **EnWaTel** you can hand straight to your website builder. It‚Äôs written to help them understand the company‚Äôs purpose, structure, and audience so they can build the site layout, copy, and flow correctly.

---

## EnWaTel ‚Äî Overview for Website Builder

**Full Name:** EnWaTel, LLC
**Meaning:** Energy ‚Ä¢ Water ‚Ä¢ Telecommunications
**Tagline (optional):** *Smart Infrastructure. Real Results.*

### 1. Company Description

EnWaTel is an **engineering, procurement, and construction (EPC)** company focused on **retrofitting commercial, industrial, and municipal facilities** with next-generation **energy, water, and telecommunications technologies**.

We operate as both a **master distributor** and **integration contractor**, helping property owners, developers, and facility managers reduce operational costs, modernize infrastructure, and improve sustainability.

EnWaTel‚Äôs goal is to **bridge the gap between traditional infrastructure and modern smart systems**‚Äîintegrating advanced technologies like LED lighting, renewable power systems, water conservation, smart grid, and IoT-based communications into a single, cohesive platform.

### 2. Core Offerings

**Energy:**

* LED lighting retrofits and smart controls
* Renewable and hybrid power systems
* EV charging infrastructure
* Power quality and monitoring solutions

**Water:**

* Biofilm and scale prevention using SineLabs.net technology
* Cooling tower, pool, and fluid system optimization
* Water reclamation and greywater reuse systems
* Leak detection and automated metering

**Telecommunications:**

* Smart city and property-wide network installations
* IoT integration for building and energy management
* Fiber, cellular, and satellite connectivity solutions
* Voice, data, and cybersecurity solutions via Sandler Partners

### 3. Partner Ecosystem

EnWaTel serves as a **Master Affiliate** for:

* **SineLabs.net** ‚Äì chemical-free biofilm and corrosion control systems
* **ClearWorld.us** ‚Äì solar-powered LED lighting and smart poles
* **SandlerPartners.com** ‚Äì enterprise telecom, mobility, cloud, and cybersecurity
* **Infinity Industrial (inf-ind.com)** ‚Äì industrial electrical and automation products
* **Virien.com** ‚Äì advanced power generation and control solutions

These partnerships allow EnWaTel to deliver **turnkey, multi-technology packages** under one brand.

### 4. Industries Served

* Hotels & Multifamily Properties
* Manufacturing Facilities
* Office Buildings & Retail Centers
* Municipal & Educational Buildings
* Farms, Ranches, & Agricultural Sites
* Water & Wastewater Facilities
* Hospitals & Healthcare Centers

### 5. Mission Statement

To make modern infrastructure **efficient, sustainable, and intelligent**‚Äîempowering communities and businesses to thrive with lower costs, cleaner operations, and stronger connectivity.

### 6. Tone & Website Direction

The site should look **clean, technical, and trustworthy**, with strong visuals of **buildings, infrastructure, energy systems, and water/telecom equipment**.
Design style: **modern, blue-silver-white palette**, light animations, and clear calls to action such as **‚ÄúSchedule a Site Assessment‚Äù** or **‚ÄúBecome a Partner.‚Äù**

### 7. Key Pages

* **Home** ‚Äì overview, mission, and partner logos
* **Solutions** ‚Äì Energy / Water / Telecom breakdowns
* **Industries** ‚Äì tailored pages for each sector
* **Partners** ‚Äì affiliate and manufacturer list
* **Projects** ‚Äì showcase of retrofit or integration examples
* **About Us** ‚Äì company story and leadership
* **Contact** ‚Äì webform, phone, and email for inquiries

Perfect. Here‚Äôs a **ready-to-use website copy draft** for EnWaTel ‚Äî structured section by section so your builder can drop the text straight into your site framework. Everything is SEO-friendly, written in a professional but human tone, and consistent with your company vision.

---

## üè† **HOME PAGE**

**Headline:**
Building the Future of Energy, Water, and Telecommunications

**Subheadline:**
EnWaTel retrofits and connects commercial, industrial, and municipal properties with smarter, cleaner, and more efficient infrastructure.

**Intro Paragraph:**
EnWaTel delivers next-generation Energy, Water, and Telecommunications solutions that cut costs, improve reliability, and modernize facilities. From LED retrofits and renewable power systems to water conservation and enterprise connectivity, we engineer every project for real performance and measurable ROI.

**Quick Callouts:**

* Lower Energy & Maintenance Costs
* Reduce Water Use & Chemical Dependence
* Strengthen Connectivity Across Properties
* Scalable, Turnkey Retrofit Packages

**CTA:**
[Schedule a Site Assessment]
[Become a Partner]

---

## ‚ö° **SOLUTIONS PAGE**

### Energy Solutions

Modern facilities need smarter power. EnWaTel designs and installs efficient, sustainable energy systems tailored to each building‚Äôs profile.
**Core services include:**

* LED lighting retrofits and smart controls
* Renewable and hybrid power systems
* EV charging infrastructure
* Power quality, monitoring, and surge protection
* Battery storage and microgrid integration

### Water Solutions

Protect your water systems, reduce waste, and eliminate chemical dependency with advanced technology.
**Core services include:**

* Biofilm, corrosion, and scale prevention (SineLabs.net)
* Cooling tower and HVAC water treatment
* Greywater and blackwater reclamation systems
* Leak detection, smart metering, and recirculation optimization

### Telecommunications & Smart Systems

Connectivity drives efficiency. EnWaTel builds communication networks that power smart buildings and connected campuses.
**Core services include:**

* Fiber, cellular, and satellite integration
* IoT devices and automation platforms
* Smart city and property-wide wireless networks
* Voice, cloud, and cybersecurity solutions via Sandler Partners

---

## üè≠ **INDUSTRIES PAGE**

EnWaTel‚Äôs solutions adapt to nearly any facility type. Our approach combines field engineering with data-driven design for maximum performance.

**Industries we serve:**

* Hotels & Multifamily Communities
* Manufacturing & Warehousing
* Office & Retail Centers
* Schools, Universities & Government Buildings
* Farms, Ranches, & Food Processing
* Hospitals & Healthcare Facilities
* Water & Wastewater Utilities

Each sector page can later include its own images, case studies, and ROI metrics.

---

## ü§ù **PARTNERS PAGE**

EnWaTel operates through an ecosystem of trusted technology partners and manufacturers‚Äîallowing us to deliver high-impact, turnkey results.

**Strategic Partners:**

* **SineLabs.net** ‚Äì eco-friendly electro-signal systems that eliminate biofilm and corrosion
* **ClearWorld.us** ‚Äì solar-powered LED lighting and smart pole infrastructure
* **SandlerPartners.com** ‚Äì telecommunications, mobility, cloud, and cybersecurity services
* **Infinity Industrial (inf-ind.com)** ‚Äì industrial-grade electrical and control systems
* **Virien.com** ‚Äì permanent magnet generators and advanced power control solutions

EnWaTel integrates these technologies into cohesive infrastructure packages‚Äîengineered, installed, and supported under one brand.

---

## üß≠ **ABOUT US PAGE**

**Who We Are**
EnWaTel, LLC is an engineering, procurement, and construction company focused on unifying energy, water, and telecommunications systems under one intelligent framework. Founded by Bill Mercer III, EnWaTel represents a new generation of sustainable infrastructure development‚Äîcombining proven technology with forward-thinking design.

**Our Mission**
To make modern infrastructure efficient, sustainable, and intelligent‚Äîempowering communities and businesses to thrive with lower costs, cleaner operations, and stronger connectivity.

**Our Approach**
We analyze each property‚Äôs current systems, identify inefficiencies, and deliver tailored retrofit packages that provide measurable returns within months‚Äînot years. Every project combines engineering precision with scalable technology that grows as your needs evolve.

---

## üìû **CONTACT PAGE**

**Let‚Äôs modernize your facility.**
Whether you‚Äôre managing one property or a nationwide portfolio, EnWaTel makes it simple to plan and deploy sustainable upgrades.

**Contact Info:**
üìß [info@enwatel.com](mailto:info@enwatel.com)
üìû (720) 661-6011
üìç Houston, TX | Denver, CO | Nationwide

**Form Fields:**

* Name
* Company / Organization
* Phone
* Email
* Project Type (dropdown: Energy / Water / Telecom / Multi-System)
* Message

**CTA:**
[Submit Inquiry] or [Request a Quote]

---

Excellent ‚Äî here‚Äôs a **full style and layout guide** for EnWaTel‚Äôs website that your builder can hand directly to a designer or developer. It defines the color system, fonts, imagery, layout flow, and tone so the finished product feels polished, credible, and scalable for future expansion.

---

# **EnWaTel Website Design & Style Guide**

## 1. Brand Identity Overview

**Company:** EnWaTel, LLC
**Tagline:** Smart Infrastructure. Real Results.
**Mission:** To unify energy, water, and telecommunications into intelligent, sustainable systems that reduce costs and empower communities.
**Brand Personality:** Technical ‚Ä¢ Trustworthy ‚Ä¢ Innovative ‚Ä¢ Clean ‚Ä¢ Professional

---

## 2. Color Palette

| Category             | Color              | Hex       | Use                                   |
| -------------------- | ------------------ | --------- | ------------------------------------- |
| **Primary Blue**     | Deep Electric Blue | `#005B96` | Buttons, accents, links               |
| **Secondary Silver** | Metallic Silver    | `#C0C7D0` | Background gradients, icons           |
| **Light Gray**       | Cloud Gray         | `#F4F6F8` | Section backgrounds                   |
| **Dark Gray**        | Graphite           | `#2B2D33` | Text or footer background             |
| **Highlight**        | Eco Green          | `#48C78E` | Positive action states, success icons |
| **Alert**            | Solar Amber        | `#FDB813` | Energy & power highlights             |
| **White**            | Pure White         | `#FFFFFF` | Body backgrounds and whitespace       |

The blue and green represent **trust and sustainability**. Silver and gray tones communicate **industrial strength and modern precision**.

---

## 3. Typography

| Type                 | Font                        | Backup         | Use                         |
| -------------------- | --------------------------- | -------------- | --------------------------- |
| **Headings (H1‚ÄìH3)** | **Poppins** (Semi-Bold)     | Helvetica      | Clean, modern, tech-forward |
| **Body Text**        | **Inter** (Regular)         | Arial          | Easy to read on all screens |
| **Buttons / Labels** | **Poppins Bold (All Caps)** | Helvetica Bold | Strong calls-to-action      |

**Text Tone:**
Confident, clear, and approachable ‚Äî written for decision-makers in property, energy, and infrastructure sectors. Avoid technical jargon unless it adds credibility.

---

## 4. Layout Wireframe (Page Flow)

### **HOME PAGE**

* **Hero Section:**

  * Full-width background video or image of infrastructure (city skyline, data center, or water/energy systems).
  * Overlay headline: *‚ÄúBuilding the Future of Energy, Water & Telecommunications.‚Äù*
  * Two CTAs: ‚ÄúRequest Site Assessment‚Äù and ‚ÄúBecome a Partner.‚Äù
* **3 Pillar Icons (Energy / Water / Telecom)** with hover animations.
* **Project ROI Section:** Quick stat bar ‚Äî ‚ÄúUp to 40% Energy Savings / 75% Less Chemical Use / Smart Systems in 12 Weeks.‚Äù
* **Partner Logos Slider:** SineLabs, ClearWorld, Sandler Partners, Infinity Industrial, Virien.
* **Testimonial or Results Strip:** Customer quote or short case stat.
* **Footer CTA:** ‚ÄúReady to Modernize Your Property?‚Äù with contact button.

---

### **SOLUTIONS PAGE**

* Tabbed or segmented layout for each division:

  * **Energy** (icon: ‚ö°)
  * **Water** (icon: üíß)
  * **Telecom** (icon: üåê)
* Each section includes:

  * Intro paragraph
  * 3‚Äì4 photo cards with overlays (e.g., LED retrofit in warehouse, cooling tower system, rooftop antenna array)
  * CTA: ‚ÄúRequest Proposal‚Äù

---

### **INDUSTRIES PAGE**

* Grid layout with high-quality imagery for each sector.
  Example layout:
  | Hotels & Multifamily | Manufacturing | Municipal | Healthcare | Agriculture | Education |
  Each tile links to a mini-page or modal popup with solutions tailored to that industry.

---

### **PARTNERS PAGE**

* Horizontal logo gallery with subtle hover glow.
* Each partner tile opens a modal or subpage with short blurbs and linked logos.
* Include a ‚ÄúBecome a Partner‚Äù CTA banner near the bottom.

---

### **ABOUT PAGE**

* Clean split-screen: text on left, image or video of field crew or solar array on right.
* Include a timeline graphic showing company growth or key milestones.
* Optional embedded video: founder or team overview.

---

### **CONTACT PAGE**

* Two-column layout:

  * Left: Short text + contact details
  * Right: Embedded contact form (Name, Company, Phone, Email, Message)
* Google Maps embed for physical location (Houston or Denver HQ).
* ‚ÄúConnect With Us‚Äù social links (LinkedIn, YouTube, Email).

---

## 5. Image & Video Direction

**Hero / Banner Media Ideas:**

* Urban skyline at dusk with glowing smart lights
* Solar poles along a city street (ClearWorld example)
* Cooling towers, industrial systems, or water treatment visuals
* Workers installing energy or network equipment

**Photography Style:**

* Realistic, not stocky ‚Äî slightly cinematic tone (cool blue-gray grading)
* Show real people in safety vests, modern facilities, and clean technology environments

**Video Background Examples:**

* Drone shots of cities transitioning from day to night
* Energy flow animations (light traveling through cables/pipes)
* Subtle water ripple or electrical pulse effects

---

## 6. Interactive Elements

* **Hover animations:** Icons glow or shift slightly
* **Parallax sections:** Show infrastructure layers (underground water ‚Üí surface ‚Üí skyline)
* **Embedded chatbot:** ‚ÄúEnWaTel Advisor‚Äù powered by GPT for initial inquiries
* **Dynamic numbers:** Count-up animation for ‚ÄúEnergy Saved,‚Äù ‚ÄúGallons Conserved,‚Äù etc.

---

## 7. Calls to Action (CTAs)

Use **strong, benefit-focused CTAs** across the site:

* ‚ÄúRequest a Free Assessment‚Äù
* ‚ÄúDownload the Technology Sheet‚Äù
* ‚ÄúPartner With Us‚Äù
* ‚ÄúSee Results Near You‚Äù
* ‚ÄúTalk to an Engineer‚Äù

Each button should be **Deep Blue (#005B96)** with white text and slight gradient glow.

---

## 8. Footer

Include:

* Logo + tagline
* Quick links (Solutions / Industries / Partners / About / Contact)
* Affiliate logos in grayscale
* Contact info (phone, email, address)
* Optional newsletter signup

---

## 9. Optional Add-ons for Later Phases

* **CRM Integration:** HubSpot or EnWaTel‚Äôs custom CRM
* **Project Dashboard Login:** For clients to view progress
* **Blog / Case Studies Section:** ‚ÄúInside EnWaTel‚Äù for SEO growth
* **AI Configurator:** ‚ÄúEstimate Your Energy Savings‚Äù widget

";technology;Real Estate Developers, Goverments;enwatel-llc-mhv5ya4j;EnWaTel: Smart Infrastructure for Energy, Water & Telecom;EnWaTel delivers advanced EPC solutions for energy, water, and telecommunications. Modernize your facility with smart systems for efficiency and sustainability.;ai_generated;;"[{""backgroundImage"":""A futuristic city skyline at dusk, with glowing smart lights, interconnected energy grids, flowing water systems, and subtle digital network lines overlayed. Focus on clean, modern infrastructure and a blue-silver-white palette."",""cta"":""Schedule a Site Assessment"",""heading"":""Smart Infrastructure. Real Results."",""subheading"":""EnWaTel delivers next-generation Energy, Water, and Telecommunications solutions that cut costs, improve reliability, and modernize facilities for commercial, industrial, and municipal properties."",""type"":""hero""},{""heading"":""Unifying Your Infrastructure for a Smarter Future"",""items"":[{""description"":""Retrofit with LED lighting, renewable power systems, EV charging, and advanced power quality monitoring to reduce costs and enhance sustainability."",""icon"":""‚ö°"",""title"":""Energy Solutions""},{""description"":""Optimize water usage with chemical-free biofilm prevention, reclamation systems, leak detection, and smart metering for efficiency and conservation."",""icon"":""üíß"",""title"":""Water Solutions""},{""description"":""Build robust, property-wide networks with fiber, cellular, satellite, IoT integration, and cybersecurity for seamless connectivity and smart management."",""icon"":""üåê"",""title"":""Telecommunications""}],""type"":""features""},{""heading"":""Why Choose EnWaTel?"",""items"":[{""description"":""As an Engineering, Procurement, and Construction firm, we handle your project from design to installation, ensuring a seamless, integrated solution."",""icon"":""üèóÔ∏è"",""title"":""Full-Spectrum EPC""},{""description"":""Leverage our strategic partnerships with industry leaders like SineLabs.net and ClearWorld.us for best-in-class technology and turnkey packages."",""icon"":""ü§ù"",""title"":""Master Distributor Network""},{""description"":""Our solutions are engineered for significant operational cost reductions, improved efficiency, and enhanced asset value, delivering rapid returns."",""icon"":""üìà"",""title"":""Measurable ROI""},{""description"":""Bridge the gap between traditional infrastructure and modern smart systems, ensuring your facilities are resilient, connected, and ready for tomorrow."",""icon"":""üöÄ"",""title"":""Future-Proof Your Assets""}],""type"":""benefits""},{""buttonText"":""Request a Free Site Assessment"",""description"":""Discover how EnWaTel can help you achieve lower costs, cleaner operations, and stronger connectivity. Our experts are ready to design your customized solution."",""heading"":""Ready to Transform Your Facility?"",""type"":""cta""},{""description"":""EnWaTel integrates cutting-edge solutions from leading innovators to deliver comprehensive, multi-technology packages under one brand."",""heading"":""Our Trusted Technology Partners"",""items"":[""SineLabs.net"",""ClearWorld.us"",""SandlerPartners.com"",""Infinity Industrial (inf-ind.com)"",""Virien.com""],""logoDescription"":""A sleek, modern display of partner logos, with a subtle glow on hover, representing key technology providers in energy, water, and telecom. Blue-silver-white palette."",""type"":""partners""},{""description"":""EnWaTel's adaptable solutions deliver significant impact across a diverse range of commercial, industrial, and municipal sectors."",""heading"":""Industries We Serve"",""itemImages"":[""A modern hotel lobby with smart lighting"",""A clean, automated manufacturing floor"",""A bustling city hall building entrance"",""A contemporary hospital hallway"",""A large farm with precision irrigation systems"",""A water treatment plant with advanced filtration"",""An office building exterior with solar panels""],""items"":[""Hotels & Multifamily Properties"",""Manufacturing Facilities"",""Office Buildings & Retail Centers"",""Municipal & Educational Buildings"",""Farms, Ranches, & Agricultural Sites"",""Water & Wastewater Facilities"",""Hospitals & Healthcare Centers""],""layout"":""grid"",""type"":""industries""}]";"{""accentColor"":""#48C78E"",""fontFamily"":""Poppins, Inter"",""primaryColor"":""#005B96"",""secondaryColor"":""#C0C7D0""}";draft;;5362;0;0.0000;2025-11-11 22:49:18.945407+00;2025-11-11 22:49:18.945407+00
40d9d85d-cc1d-4f61-8ef2-8844ad7b0b04;b8c5a162-5141-422e-9924-dc0e8c333790;;;EnWaTel LLC;"Here‚Äôs a clear, professional description of **EnWaTel** you can hand straight to your website builder. It‚Äôs written to help them understand the company‚Äôs purpose, structure, and audience so they can build the site layout, copy, and flow correctly.

---

## EnWaTel ‚Äî Overview for Website Builder

**Full Name:** EnWaTel, LLC
**Meaning:** Energy ‚Ä¢ Water ‚Ä¢ Telecommunications
**Tagline (optional):** *Smart Infrastructure. Real Results.*

### 1. Company Description

EnWaTel is an **engineering, procurement, and construction (EPC)** company focused on **retrofitting commercial, industrial, and municipal facilities** with next-generation **energy, water, and telecommunications technologies**.

We operate as both a **master distributor** and **integration contractor**, helping property owners, developers, and facility managers reduce operational costs, modernize infrastructure, and improve sustainability.

EnWaTel‚Äôs goal is to **bridge the gap between traditional infrastructure and modern smart systems**‚Äîintegrating advanced technologies like LED lighting, renewable power systems, water conservation, smart grid, and IoT-based communications into a single, cohesive platform.

### 2. Core Offerings

**Energy:**

* LED lighting retrofits and smart controls
* Renewable and hybrid power systems
* EV charging infrastructure
* Power quality and monitoring solutions

**Water:**

* Biofilm and scale prevention using SineLabs.net technology
* Cooling tower, pool, and fluid system optimization
* Water reclamation and greywater reuse systems
* Leak detection and automated metering

**Telecommunications:**

* Smart city and property-wide network installations
* IoT integration for building and energy management
* Fiber, cellular, and satellite connectivity solutions
* Voice, data, and cybersecurity solutions via Sandler Partners

### 3. Partner Ecosystem

EnWaTel serves as a **Master Affiliate** for:

* **SineLabs.net** ‚Äì chemical-free biofilm and corrosion control systems
* **ClearWorld.us** ‚Äì solar-powered LED lighting and smart poles
* **SandlerPartners.com** ‚Äì enterprise telecom, mobility, cloud, and cybersecurity
* **Infinity Industrial (inf-ind.com)** ‚Äì industrial electrical and automation products
* **Virien.com** ‚Äì advanced power generation and control solutions

These partnerships allow EnWaTel to deliver **turnkey, multi-technology packages** under one brand.

### 4. Industries Served

* Hotels & Multifamily Properties
* Manufacturing Facilities
* Office Buildings & Retail Centers
* Municipal & Educational Buildings
* Farms, Ranches, & Agricultural Sites
* Water & Wastewater Facilities
* Hospitals & Healthcare Centers

### 5. Mission Statement

To make modern infrastructure **efficient, sustainable, and intelligent**‚Äîempowering communities and businesses to thrive with lower costs, cleaner operations, and stronger connectivity.

### 6. Tone & Website Direction

The site should look **clean, technical, and trustworthy**, with strong visuals of **buildings, infrastructure, energy systems, and water/telecom equipment**.
Design style: **modern, blue-silver-white palette**, light animations, and clear calls to action such as **‚ÄúSchedule a Site Assessment‚Äù** or **‚ÄúBecome a Partner.‚Äù**

### 7. Key Pages

* **Home** ‚Äì overview, mission, and partner logos
* **Solutions** ‚Äì Energy / Water / Telecom breakdowns
* **Industries** ‚Äì tailored pages for each sector
* **Partners** ‚Äì affiliate and manufacturer list
* **Projects** ‚Äì showcase of retrofit or integration examples
* **About Us** ‚Äì company story and leadership
* **Contact** ‚Äì webform, phone, and email for inquiries

Perfect. Here‚Äôs a **ready-to-use website copy draft** for EnWaTel ‚Äî structured section by section so your builder can drop the text straight into your site framework. Everything is SEO-friendly, written in a professional but human tone, and consistent with your company vision.

---

## üè† **HOME PAGE**

**Headline:**
Building the Future of Energy, Water, and Telecommunications

**Subheadline:**
EnWaTel retrofits and connects commercial, industrial, and municipal properties with smarter, cleaner, and more efficient infrastructure.

**Intro Paragraph:**
EnWaTel delivers next-generation Energy, Water, and Telecommunications solutions that cut costs, improve reliability, and modernize facilities. From LED retrofits and renewable power systems to water conservation and enterprise connectivity, we engineer every project for real performance and measurable ROI.

**Quick Callouts:**

* Lower Energy & Maintenance Costs
* Reduce Water Use & Chemical Dependence
* Strengthen Connectivity Across Properties
* Scalable, Turnkey Retrofit Packages

**CTA:**
[Schedule a Site Assessment]
[Become a Partner]

---

## ‚ö° **SOLUTIONS PAGE**

### Energy Solutions

Modern facilities need smarter power. EnWaTel designs and installs efficient, sustainable energy systems tailored to each building‚Äôs profile.
**Core services include:**

* LED lighting retrofits and smart controls
* Renewable and hybrid power systems
* EV charging infrastructure
* Power quality, monitoring, and surge protection
* Battery storage and microgrid integration

### Water Solutions

Protect your water systems, reduce waste, and eliminate chemical dependency with advanced technology.
**Core services include:**

* Biofilm, corrosion, and scale prevention (SineLabs.net)
* Cooling tower and HVAC water treatment
* Greywater and blackwater reclamation systems
* Leak detection, smart metering, and recirculation optimization

### Telecommunications & Smart Systems

Connectivity drives efficiency. EnWaTel builds communication networks that power smart buildings and connected campuses.
**Core services include:**

* Fiber, cellular, and satellite integration
* IoT devices and automation platforms
* Smart city and property-wide wireless networks
* Voice, cloud, and cybersecurity solutions via Sandler Partners

---

## üè≠ **INDUSTRIES PAGE**

EnWaTel‚Äôs solutions adapt to nearly any facility type. Our approach combines field engineering with data-driven design for maximum performance.

**Industries we serve:**

* Hotels & Multifamily Communities
* Manufacturing & Warehousing
* Office & Retail Centers
* Schools, Universities & Government Buildings
* Farms, Ranches, & Food Processing
* Hospitals & Healthcare Facilities
* Water & Wastewater Utilities

Each sector page can later include its own images, case studies, and ROI metrics.

---

## ü§ù **PARTNERS PAGE**

EnWaTel operates through an ecosystem of trusted technology partners and manufacturers‚Äîallowing us to deliver high-impact, turnkey results.

**Strategic Partners:**

* **SineLabs.net** ‚Äì eco-friendly electro-signal systems that eliminate biofilm and corrosion
* **ClearWorld.us** ‚Äì solar-powered LED lighting and smart pole infrastructure
* **SandlerPartners.com** ‚Äì telecommunications, mobility, cloud, and cybersecurity services
* **Infinity Industrial (inf-ind.com)** ‚Äì industrial-grade electrical and control systems
* **Virien.com** ‚Äì permanent magnet generators and advanced power control solutions

EnWaTel integrates these technologies into cohesive infrastructure packages‚Äîengineered, installed, and supported under one brand.

---

## üß≠ **ABOUT US PAGE**

**Who We Are**
EnWaTel, LLC is an engineering, procurement, and construction company focused on unifying energy, water, and telecommunications systems under one intelligent framework. Founded by Bill Mercer III, EnWaTel represents a new generation of sustainable infrastructure development‚Äîcombining proven technology with forward-thinking design.

**Our Mission**
To make modern infrastructure efficient, sustainable, and intelligent‚Äîempowering communities and businesses to thrive with lower costs, cleaner operations, and stronger connectivity.

**Our Approach**
We analyze each property‚Äôs current systems, identify inefficiencies, and deliver tailored retrofit packages that provide measurable returns within months‚Äînot years. Every project combines engineering precision with scalable technology that grows as your needs evolve.

---

## üìû **CONTACT PAGE**

**Let‚Äôs modernize your facility.**
Whether you‚Äôre managing one property or a nationwide portfolio, EnWaTel makes it simple to plan and deploy sustainable upgrades.

**Contact Info:**
üìß [info@enwatel.com](mailto:info@enwatel.com)
üìû (720) 661-6011
üìç Houston, TX | Denver, CO | Nationwide

**Form Fields:**

* Name
* Company / Organization
* Phone
* Email
* Project Type (dropdown: Energy / Water / Telecom / Multi-System)
* Message

**CTA:**
[Submit Inquiry] or [Request a Quote]

---

Excellent ‚Äî here‚Äôs a **full style and layout guide** for EnWaTel‚Äôs website that your builder can hand directly to a designer or developer. It defines the color system, fonts, imagery, layout flow, and tone so the finished product feels polished, credible, and scalable for future expansion.

---

# **EnWaTel Website Design & Style Guide**

## 1. Brand Identity Overview

**Company:** EnWaTel, LLC
**Tagline:** Smart Infrastructure. Real Results.
**Mission:** To unify energy, water, and telecommunications into intelligent, sustainable systems that reduce costs and empower communities.
**Brand Personality:** Technical ‚Ä¢ Trustworthy ‚Ä¢ Innovative ‚Ä¢ Clean ‚Ä¢ Professional

---

## 2. Color Palette

| Category             | Color              | Hex       | Use                                   |
| -------------------- | ------------------ | --------- | ------------------------------------- |
| **Primary Blue**     | Deep Electric Blue | `#005B96` | Buttons, accents, links               |
| **Secondary Silver** | Metallic Silver    | `#C0C7D0` | Background gradients, icons           |
| **Light Gray**       | Cloud Gray         | `#F4F6F8` | Section backgrounds                   |
| **Dark Gray**        | Graphite           | `#2B2D33` | Text or footer background             |
| **Highlight**        | Eco Green          | `#48C78E` | Positive action states, success icons |
| **Alert**            | Solar Amber        | `#FDB813` | Energy & power highlights             |
| **White**            | Pure White         | `#FFFFFF` | Body backgrounds and whitespace       |

The blue and green represent **trust and sustainability**. Silver and gray tones communicate **industrial strength and modern precision**.

---

## 3. Typography

| Type                 | Font                        | Backup         | Use                         |
| -------------------- | --------------------------- | -------------- | --------------------------- |
| **Headings (H1‚ÄìH3)** | **Poppins** (Semi-Bold)     | Helvetica      | Clean, modern, tech-forward |
| **Body Text**        | **Inter** (Regular)         | Arial          | Easy to read on all screens |
| **Buttons / Labels** | **Poppins Bold (All Caps)** | Helvetica Bold | Strong calls-to-action      |

**Text Tone:**
Confident, clear, and approachable ‚Äî written for decision-makers in property, energy, and infrastructure sectors. Avoid technical jargon unless it adds credibility.

---

## 4. Layout Wireframe (Page Flow)

### **HOME PAGE**

* **Hero Section:**

  * Full-width background video or image of infrastructure (city skyline, data center, or water/energy systems).
  * Overlay headline: *‚ÄúBuilding the Future of Energy, Water & Telecommunications.‚Äù*
  * Two CTAs: ‚ÄúRequest Site Assessment‚Äù and ‚ÄúBecome a Partner.‚Äù
* **3 Pillar Icons (Energy / Water / Telecom)** with hover animations.
* **Project ROI Section:** Quick stat bar ‚Äî ‚ÄúUp to 40% Energy Savings / 75% Less Chemical Use / Smart Systems in 12 Weeks.‚Äù
* **Partner Logos Slider:** SineLabs, ClearWorld, Sandler Partners, Infinity Industrial, Virien.
* **Testimonial or Results Strip:** Customer quote or short case stat.
* **Footer CTA:** ‚ÄúReady to Modernize Your Property?‚Äù with contact button.

---

### **SOLUTIONS PAGE**

* Tabbed or segmented layout for each division:

  * **Energy** (icon: ‚ö°)
  * **Water** (icon: üíß)
  * **Telecom** (icon: üåê)
* Each section includes:

  * Intro paragraph
  * 3‚Äì4 photo cards with overlays (e.g., LED retrofit in warehouse, cooling tower system, rooftop antenna array)
  * CTA: ‚ÄúRequest Proposal‚Äù

---

### **INDUSTRIES PAGE**

* Grid layout with high-quality imagery for each sector.
  Example layout:
  | Hotels & Multifamily | Manufacturing | Municipal | Healthcare | Agriculture | Education |
  Each tile links to a mini-page or modal popup with solutions tailored to that industry.

---

### **PARTNERS PAGE**

* Horizontal logo gallery with subtle hover glow.
* Each partner tile opens a modal or subpage with short blurbs and linked logos.
* Include a ‚ÄúBecome a Partner‚Äù CTA banner near the bottom.

---

### **ABOUT PAGE**

* Clean split-screen: text on left, image or video of field crew or solar array on right.
* Include a timeline graphic showing company growth or key milestones.
* Optional embedded video: founder or team overview.

---

### **CONTACT PAGE**

* Two-column layout:

  * Left: Short text + contact details
  * Right: Embedded contact form (Name, Company, Phone, Email, Message)
* Google Maps embed for physical location (Houston or Denver HQ).
* ‚ÄúConnect With Us‚Äù social links (LinkedIn, YouTube, Email).

---

## 5. Image & Video Direction

**Hero / Banner Media Ideas:**

* Urban skyline at dusk with glowing smart lights
* Solar poles along a city street (ClearWorld example)
* Cooling towers, industrial systems, or water treatment visuals
* Workers installing energy or network equipment

**Photography Style:**

* Realistic, not stocky ‚Äî slightly cinematic tone (cool blue-gray grading)
* Show real people in safety vests, modern facilities, and clean technology environments

**Video Background Examples:**

* Drone shots of cities transitioning from day to night
* Energy flow animations (light traveling through cables/pipes)
* Subtle water ripple or electrical pulse effects

---

## 6. Interactive Elements

* **Hover animations:** Icons glow or shift slightly
* **Parallax sections:** Show infrastructure layers (underground water ‚Üí surface ‚Üí skyline)
* **Embedded chatbot:** ‚ÄúEnWaTel Advisor‚Äù powered by GPT for initial inquiries
* **Dynamic numbers:** Count-up animation for ‚ÄúEnergy Saved,‚Äù ‚ÄúGallons Conserved,‚Äù etc.

---

## 7. Calls to Action (CTAs)

Use **strong, benefit-focused CTAs** across the site:

* ‚ÄúRequest a Free Assessment‚Äù
* ‚ÄúDownload the Technology Sheet‚Äù
* ‚ÄúPartner With Us‚Äù
* ‚ÄúSee Results Near You‚Äù
* ‚ÄúTalk to an Engineer‚Äù

Each button should be **Deep Blue (#005B96)** with white text and slight gradient glow.

---

## 8. Footer

Include:

* Logo + tagline
* Quick links (Solutions / Industries / Partners / About / Contact)
* Affiliate logos in grayscale
* Contact info (phone, email, address)
* Optional newsletter signup

---

## 9. Optional Add-ons for Later Phases

* **CRM Integration:** HubSpot or EnWaTel‚Äôs custom CRM
* **Project Dashboard Login:** For clients to view progress
* **Blog / Case Studies Section:** ‚ÄúInside EnWaTel‚Äù for SEO growth
* **AI Configurator:** ‚ÄúEstimate Your Energy Savings‚Äù widget

";technology;Real Estate Developers, Goverments;enwatel-llc-mhv6ak7c;EnWaTel: Smart Infrastructure. Real Results.;EnWaTel delivers EPC solutions for commercial, industrial, and municipal facilities, integrating next-gen energy, water, and telecom technologies.;ai_generated;;"[{""content"":""EnWaTel delivers next-generation Energy, Water, and Telecommunications solutions that cut costs, improve reliability, and modernize facilities. From LED retrofits and renewable power systems to water conservation and enterprise connectivity, we engineer every project for real performance and measurable ROI."",""cta"":""Schedule a Site Assessment"",""imagePrompt"":""Urban skyline at dusk with glowing smart lights, solar poles along a city street, or industrial facilities with advanced energy/water systems."",""subtitle"":""EnWaTel retrofits and connects commercial, industrial, and municipal properties with smarter, cleaner, and more efficient infrastructure."",""title"":""Building the Future of Energy, Water, and Telecommunications"",""type"":""hero""},{""content"":""EnWaTel, LLC is an engineering, procurement, and construction (EPC) company dedicated to modernizing infrastructure for commercial, industrial, and municipal facilities. We operate as both a master distributor and integration contractor, helping property owners, developers, and facility managers significantly reduce operational costs, modernize their infrastructure, and dramatically improve sustainability.\n\nOur mission is to make modern infrastructure efficient, sustainable, and intelligent‚Äîempowering communities and businesses to thrive with lower costs, cleaner operations, and stronger connectivity. We achieve this by bridging the gap between traditional infrastructure and modern smart systems, integrating advanced technologies into single, cohesive platforms.\n\nFounded by Bill Mercer III, EnWaTel represents a new generation of sustainable infrastructure development. Our approach combines engineering precision with scalable technology that grows as your needs evolve, ensuring measurable returns within months, not years. We analyze each property‚Äôs current systems, identify inefficiencies, and deliver tailored retrofit packages designed for long-term performance and value."",""subtitle"":""Smart Infrastructure. Real Results."",""title"":""About EnWaTel: Bridging Tradition with Innovation"",""type"":""about""},{""content"":""EnWaTel provides turnkey, multi-technology packages designed to optimize your facility's performance across critical infrastructure domains. We leverage strategic partnerships to deliver comprehensive, high-impact results under one trusted brand."",""items"":[{""description"":""Modern facilities need smarter power. We design and install efficient, sustainable energy systems, including LED lighting retrofits, renewable power, EV charging, and advanced power quality solutions."",""icon"":""‚ö°"",""title"":""Energy Solutions""},{""description"":""Protect your water systems, reduce waste, and eliminate chemical dependency. Our solutions include biofilm and scale prevention, water reclamation, leak detection, and smart metering for optimal fluid system management."",""icon"":""üíß"",""title"":""Water Solutions""},{""description"":""Connectivity drives efficiency. EnWaTel builds robust communication networks that power smart buildings and connected campuses, integrating IoT, fiber, cellular, and advanced cybersecurity solutions."",""icon"":""üåê"",""title"":""Telecommunications & Smart Systems""}],""title"":""Integrated Solutions for Modern Facilities"",""type"":""services""},{""content"":""EnWaTel‚Äôs solutions are engineered to adapt to nearly any facility type, combining expert field engineering with data-driven design for maximum performance and sustainability."",""items"":[""Hotels & Multifamily Properties"",""Manufacturing Facilities"",""Office Buildings & Retail Centers"",""Municipal & Educational Buildings"",""Farms, Ranches, & Agricultural Sites"",""Water & Wastewater Facilities"",""Hospitals & Healthcare Centers""],""title"":""Serving Diverse Sector Needs"",""type"":""industries""},{""buttonText"":""Request a Free Assessment"",""content"":""Whether you‚Äôre managing one property or a nationwide portfolio, EnWaTel makes it simple to plan and deploy sustainable and intelligent infrastructure upgrades. Contact us today to discuss how we can transform your facility."",""secondaryText"":""Or connect with us at info@enwatel.com or (720) 661-6011"",""title"":""Ready to Modernize Your Property?"",""type"":""cta""}]";"{""colors"":{""accent"":""#48C78E"",""background"":""#F4F6F8"",""primary"":""#005B96"",""secondary"":""#C0C7D0"",""text"":""#2B2D33""},""fonts"":{""body"":""Inter"",""heading"":""Poppins""}}";draft;;5735;0;0.0000;2025-11-11 22:58:51.925279+00;2025-11-11 22:58:51.925279+00